"STATION","NAME","DATE","AWND","PGTM","PRCP","SNOW","SNWD","TAVG","TMAX","TMIN","WDF2","WDF5","WSF2","WSF5","WT01","WT02","WT03","WT04","WT06","WT08"
"USW00094789","JFK INTERNATIONAL AIRPORT, NY US","2024-06-01","10.51",,"0.00","0.0","0.0",,"82","62","  210","  210","19.9","25.1",,,,,,
"USW00094789","JFK INTERNATIONAL AIRPORT, NY US","2024-06-02","8.72",,"0.00","0.0","0.0",,"79","62","  190","  180","18.1","23.0",,,,,,
"USW00094789","JFK INTERNATIONAL AIRPORT, NY US","2024-06-03","6.04",,"0.02","0.0","0.0",,"84","66","  190","  220","14.1","18.1",,,,,,
"USW00094789","JFK INTERNATIONAL AIRPORT, NY US","2024-06-04","6.93",,"0.00","0.0","0.0",,"78","64","  140","  140","15.0","17.0","    1","    1",,,,"    1"
"USW00094789","JFK INTERNATIONAL AIRPORT, NY US","2024-06-05","8.50",,"0.04","0.0","0.0",,"78","63","  170","  180","16.1","23.9","    1",,,,,
"USW00094789","JFK INTERNATIONAL AIRPORT, NY US","2024-06-06","8.72",,"0.58","0.0","0.0",,"84","69","  330","  320","25.1","36.9","    1",,,,,
"USW00094789","JFK INTERNATIONAL AIRPORT, NY US","2024-06-07","9.62",,"0.00","0.0","0.0",,"83","67","  340","  320","29.1","40.9",,,,,,
"USW00094789","JFK INTERNATIONAL AIRPORT, NY US","2024-06-08","13.87",,"0.00","0.0","0.0",,"81","65","  270","  280","23.0","32.0",,,,,,
"USW00094789","JFK INTERNATIONAL AIRPORT, NY US","2024-06-09","12.97",,"0.00","0.0","0.0",,"78","65","  350","  350","25.9","33.1",,,,,,
"USW00094789","JFK INTERNATIONAL AIRPORT, NY US","2024-06-10","12.53",,"0.00","0.0","0.0",,"77","63","  240","  330","21.0","29.1",,,,,,
"USW00094789","JFK INTERNATIONAL AIRPORT, NY US","2024-06-11","8.28",,"0.00","0.0","0.0",,"72","60","  360","  360","14.1","17.0",,,,,,
"USW00094789","JFK INTERNATIONAL AIRPORT, NY US","2024-06-12","9.62",,"0.00","0.0","0.0",,"74","62","  210","  210","16.1","16.1",,,,,,
"USW00094789","JFK INTERNATIONAL AIRPORT, NY US","2024-06-13","10.07",,"0.00","0.0","0.0",,"78","63","  190","  190","21.0","28.0",,,,,,
"USW00094789","JFK INTERNATIONAL AIRPORT, NY US","2024-06-14","8.28",,"0.85","0.0","0.0",,"78","66","  340","  330","38.0","49.0","    1",,"    1",,,
"USW00094789","JFK INTERNATIONAL AIRPORT, NY US","2024-06-15","10.74",,"0.00","0.0","0.0",,"83","65","  360","  360","23.0","31.1",,,,,,
"USW00094789","JFK INTERNATIONAL AIRPORT, NY US","2024-06-16","9.40",,"0.00","0.0","0.0",,"80","63","  150","  160","16.1","21.0",,,,,,
"USW00094789","JFK INTERNATIONAL AIRPORT, NY US","2024-06-17","12.97",,"0.00","0.0","0.0",,"80","64","  180","  180","29.1","40.0",,,,,,
"USW00094789","JFK INTERNATIONAL AIRPORT, NY US","2024-06-18","13.20",,"0.00","0.0","0.0",,"80","69","  190","  180","23.9","33.1",,,,,,
"USW00094789","JFK INTERNATIONAL AIRPORT, NY US","2024-06-19","11.86",,"0.00","0.0","0.0",,"82","67","  180","  180","23.0","31.1",,,,,,
"USW00094789","JFK INTERNATIONAL AIRPORT, NY US","2024-06-20","10.96",,"0.00","0.0","0.0",,"84","68","  190","  190","23.0","30.0",,,,,,
"USW00094789","JFK INTERNATIONAL AIRPORT, NY US","2024-06-21","11.18",,"0.00","0.0","0.0",,"91","68","  190","  190","23.9","31.1",,,,,,
"USW00094789","JFK INTERNATIONAL AIRPORT, NY US","2024-06-22","6.71",,"0.04","0.0","0.0",,"87","72","  220","  230","21.0","27.1",,,"    1",,,
"USW00094789","JFK INTERNATIONAL AIRPORT, NY US","2024-06-23","12.53",,"0.00","0.0","0.0",,"85","70","  200","  200","28.0","36.9",,,"    1",,,
"USW00094789","JFK INTERNATIONAL AIRPORT, NY US","2024-06-24","18.57",,"0.00","0.0","0.0",,"85","69","  350","  350","35.1","50.1",,,,,,
"USW00094789","JFK INTERNATIONAL AIRPORT, NY US","2024-06-25","13.87",,"0.00","0.0","0.0",,"91","71","  250","  320","21.9","31.1",,,,,,
"USW00094789","JFK INTERNATIONAL AIRPORT, NY US","2024-06-26","11.86",,"0.26","0.0","0.0",,"84","68","  340","  340","29.1","42.1","    1",,"    1",,,
"USW00094789","JFK INTERNATIONAL AIRPORT, NY US","2024-06-27","12.08",,"0.57","0.0","0.0",,"87","70","  350","  360","23.0","34.0","    1",,"    1",,,
"USW00094789","JFK INTERNATIONAL AIRPORT, NY US","2024-06-28","9.40",,"0.00","0.0","0.0",,"80","63","  160","  170","17.0","21.9",,,,,,
"USW00094789","JFK INTERNATIONAL AIRPORT, NY US","2024-06-29","13.65",,"0.02","0.0","0.0",,"80","64","  160","  180","25.1","33.1","    1","    1",,,,
"USW00094789","JFK INTERNATIONAL AIRPORT, NY US","2024-06-30","10.07",,"0.57","0.0","0.0",,"83","70","  190","  190","23.9","31.1","    1",,"    1",,,"    1"
"USW00094789","JFK INTERNATIONAL AIRPORT, NY US","2024-07-01","15.43",,"0.00","0.0","0.0",,"82","64","  360","  360","25.1","38.0",,,,,,
"USW00094789","JFK INTERNATIONAL AIRPORT, NY US","2024-07-02","7.83",,"0.00","0.0","0.0",,"82","65","  360","  350","14.1","17.0",,,,,,
"USW00094789","JFK INTERNATIONAL AIRPORT, NY US","2024-07-03","10.07",,"0.00","0.0","0.0",,"80","64","  180","  180","23.0","29.1",,,,,,
"USW00094789","JFK INTERNATIONAL AIRPORT, NY US","2024-07-04","9.84",,"0.07","0.0","0.0",,"82","68","  170","  170","17.0","23.9","    1",,,,,
"USW00094789","JFK INTERNATIONAL AIRPORT, NY US","2024-07-05","7.61",,"0.03","0.0","0.0",,"83","71","  200","  270","18.1","23.9","    1",,"    1",,,
"USW00094789","JFK INTERNATIONAL AIRPORT, NY US","2024-07-06","9.40",,"0.01","0.0","0.0",,"81","70","  190","  180","18.1","28.0","    1","    1","    1",,,
"USW00094789","JFK INTERNATIONAL AIRPORT, NY US","2024-07-07","5.82",,"0.00","0.0","0.0",,"87","73","   40","   40","16.1","21.0",,,,,,
"USW00094789","JFK INTERNATIONAL AIRPORT, NY US","2024-07-08","5.82",,"0.00","0.0","0.0",,"88","72","  170","  190","12.1","12.1","    1",,,,,"    1"
"USW00094789","JFK INTERNATIONAL AIRPORT, NY US","2024-07-09","9.62",,"0.00","0.0","0.0",,"82","72","  180","  170","23.9","30.0","    1","    1",,,,"    1"
"USW00094789","JFK INTERNATIONAL AIRPORT, NY US","2024-07-10","18.12",,"0.00","0.0","0.0",,"84","74","  180","  170","33.1","46.1","    1","    1",,,,"    1"
"USW00094789","JFK INTERNATIONAL AIRPORT, NY US","2024-07-11","13.42",,"0.01","0.0","0.0",,"88","72","  190","  190","23.9","32.0","    1",,,,,
"USW00094789","JFK INTERNATIONAL AIRPORT, NY US","2024-07-12","8.50",,"0.13","0.0","0.0",,"82","72","  180","  180","18.1","21.9","    1",,,,,
"USW00094789","JFK INTERNATIONAL AIRPORT, NY US","2024-07-13","7.61",,"0.75","0.0","0.0",,"82","72","  190","  180","13.0","16.1","    1",,,,,
"USW00094789","JFK INTERNATIONAL AIRPORT, NY US","2024-07-14","7.61",,"0.00","0.0","0.0",,"86","75","  200","  200","14.1","17.0",,,,,,
"USW00094789","JFK INTERNATIONAL AIRPORT, NY US","2024-07-15","9.40",,"0.30","0.0","0.0",,"84","72","  270","  280","28.0","33.1","    1",,"    1",,,
"USW00094789","JFK INTERNATIONAL AIRPORT, NY US","2024-07-16","9.40",,"0.00","0.0","0.0",,"89","78","  210","  220","35.1","42.1",,,"    1",,,
"USW00094789","JFK INTERNATIONAL AIRPORT, NY US","2024-07-17","10.29",,"0.73","0.0","0.0",,"83","74","  340","  340","23.0","33.1","    1",,"    1",,,
"USW00094789","JFK INTERNATIONAL AIRPORT, NY US","2024-07-18","10.51",,"0.00","0.0","0.0",,"86","72","  350","  350","17.0","21.0",,,,,,
"USW00094789","JFK INTERNATIONAL AIRPORT, NY US","2024-07-19","9.17",,"0.00","0.0","0.0",,"86","68","  360","  360","16.1","19.9",,,,,,
"USW00094789","JFK INTERNATIONAL AIRPORT, NY US","2024-07-20","10.07",,"0.00","0.0","0.0",,"80","68","  190","  180","21.0","25.9",,,,,,
"USW00094789","JFK INTERNATIONAL AIRPORT, NY US","2024-07-21","9.62",,"0.00","0.0","0.0",,"86","72","  190","  190","19.9","25.9",,,,,,
"USW00094789","JFK INTERNATIONAL AIRPORT, NY US","2024-07-22","8.05",,"0.05","0.0","0.0",,"82","72","  160","  170","17.0","23.0","    1",,,,,
"USW00094789","JFK INTERNATIONAL AIRPORT, NY US","2024-07-23","5.82",,"0.02","0.0","0.0",,"85","73","  170","  170","13.0","16.1",,,,,,
"USW00094789","JFK INTERNATIONAL AIRPORT, NY US","2024-07-24","7.38",,"0.00","0.0","0.0",,"83","75","  190","  200","15.0","19.0","    1",,,,,
"USW00094789","JFK INTERNATIONAL AIRPORT, NY US","2024-07-25","9.84",,"0.00","0.0","0.0",,"87","75","  330","  300","16.1","23.0",,,,,,
"USW00094789","JFK INTERNATIONAL AIRPORT, NY US","2024-07-26","10.96",,"0.00","0.0","0.0",,"86","68","   10","   10","19.9","28.0",,,,,,
"USW00094789","JFK INTERNATIONAL AIRPORT, NY US","2024-07-27","6.49",,"0.00","0.0","0.0",,"85","69","  200","  170","14.1","18.1",,,,,,
"USW00094789","JFK INTERNATIONAL AIRPORT, NY US","2024-07-28","8.50",,"0.00","0.0","0.0",,"89","71","  130","   60","16.1","23.0",,,,,,
"USW00094789","JFK INTERNATIONAL AIRPORT, NY US","2024-07-29","12.97",,"0.05","0.0","0.0",,"85","68","  190","  180","23.0","31.1",,,"    1",,,
"USW00094789","JFK INTERNATIONAL AIRPORT, NY US","2024-07-30","16.11",,"0.00","0.0","0.0",,"84","72","  180","  180","30.0","40.9",,,,,,
"USW00094789","JFK INTERNATIONAL AIRPORT, NY US","2024-07-31","11.86",,"0.00","0.0","0.0",,"91","75","  180","  170","21.9","29.1",,,"    1",,,
"USW00094789","JFK INTERNATIONAL AIRPORT, NY US","2024-08-01","9.17",,"0.00","0.0","0.0",,"93","75","  190","  200","19.9","25.9",,,,,,
"USW00094789","JFK INTERNATIONAL AIRPORT, NY US","2024-08-02","9.40",,"0.18","0.0","0.0",,"91","75","  260","  250","25.1","33.1","    1",,"    1",,,
"USW00094789","JFK INTERNATIONAL AIRPORT, NY US","2024-08-03","10.74",,"1.28","0.0","0.0",,"88","74","  180","  190","23.9","34.0","    1",,"    1",,,"    1"
"USW00094789","JFK INTERNATIONAL AIRPORT, NY US","2024-08-04","10.07",,"0.18","0.0","0.0",,"81","72","  290","  300","18.1","28.0","    1",,"    1",,,
"USW00094789","JFK INTERNATIONAL AIRPORT, NY US","2024-08-05","8.95",,"0.00","0.0","0.0",,"89","72","  180","  180","18.1","23.0",,,,,,
"USW00094789","JFK INTERNATIONAL AIRPORT, NY US","2024-08-06","9.17",,"0.83","0.0","0.0",,"87","72","  200","  180","17.0","23.9","    1",,"    1",,,
"USW00094789","JFK INTERNATIONAL AIRPORT, NY US","2024-08-07","10.51",,"0.06","0.0","0.0",,"73","66","   60","   40","16.1","21.9","    1",,,,,
"USW00094789","JFK INTERNATIONAL AIRPORT, NY US","2024-08-08","12.08",,"0.28","0.0","0.0",,"74","66","  100","   90","19.9","28.0","    1","    1",,,,
"USW00094789","JFK INTERNATIONAL AIRPORT, NY US","2024-08-09","19.69",,"0.26","0.0","0.0",,"83","73","  190","  180","32.0","46.1","    1","    1",,,,
"USW00094789","JFK INTERNATIONAL AIRPORT, NY US","2024-08-10","12.08",,"0.00","0.0","0.0",,"87","74","  250","  240","18.1","23.0",,,,,,
"USW00094789","JFK INTERNATIONAL AIRPORT, NY US","2024-08-11","8.72",,"0.00","0.0","0.0",,"82","73","  240","  330","17.0","21.9",,,,,,
"USW00094789","JFK INTERNATIONAL AIRPORT, NY US","2024-08-12","9.17",,"0.01","0.0","0.0",,"83","64","  240","  200","21.0","27.1",,,,,,
"USW00094789","JFK INTERNATIONAL AIRPORT, NY US","2024-08-13","8.28",,"0.00","0.0","0.0",,"84","65","  350","  310","16.1","21.9",,,,,,
"USW00094789","JFK INTERNATIONAL AIRPORT, NY US","2024-08-14","7.61",,"0.00","0.0","0.0",,"88","68","   20","   20","19.9","25.1",,,,,,
"USW00094789","JFK INTERNATIONAL AIRPORT, NY US","2024-08-15","8.50",,"0.00","0.0","0.0",,"88","69","  200","  260","14.1","21.0",,,,,,
"USW00094789","JFK INTERNATIONAL AIRPORT, NY US","2024-08-16","7.61",,"0.00","0.0","0.0",,"86","72","  130","  130","14.1","18.1",,,,,,
"USW00094789","JFK INTERNATIONAL AIRPORT, NY US","2024-08-17","9.62",,"0.05","0.0","0.0",,"80","70","  140","  140","18.1","23.0","    1",,,,,
"USW00094789","JFK INTERNATIONAL AIRPORT, NY US","2024-08-18","11.86",,"0.61","0.0","0.0",,"81","71","  160","  170","21.9","31.1","    1",,"    1",,,
"USW00094789","JFK INTERNATIONAL AIRPORT, NY US","2024-08-19","9.62",,"0.31","0.0","0.0",,"86","70","  290","  250","21.9","30.0","    1",,"    1",,,
"USW00094789","JFK INTERNATIONAL AIRPORT, NY US","2024-08-20","12.97",,"0.00","0.0","0.0",,"76","63","  330","  290","21.0","27.1",,,,,,
"USW00094789","JFK INTERNATIONAL AIRPORT, NY US","2024-08-21","12.53",,"0.00","0.0","0.0",,"77","58","  310","  260","21.9","31.1",,,,,,
"USW00094789","JFK INTERNATIONAL AIRPORT, NY US","2024-08-22","9.40",,"0.00","0.0","0.0",,"80","61","  240","  210","17.0","25.9",,,,,,
"USW00094789","JFK INTERNATIONAL AIRPORT, NY US","2024-08-23","8.05",,"0.00","0.0","0.0",,"83","60","  190","  250","17.0","16.1",,,,,,
"USW00094789","JFK INTERNATIONAL AIRPORT, NY US","2024-08-24","8.05",,"0.00","0.0","0.0",,"84","64","  200","  200","17.0","21.9",,,,,,
"USW00094789","JFK INTERNATIONAL AIRPORT, NY US","2024-08-25","9.84",,"0.00","0.0","0.0",,"83","67","  180","  190","17.0","25.9",,,,,,
"USW00094789","JFK INTERNATIONAL AIRPORT, NY US","2024-08-26","8.05",,"0.03","0.0","0.0",,"82","66","  130","  190","14.1","21.0",,,,,,
"USW00094789","JFK INTERNATIONAL AIRPORT, NY US","2024-08-27","7.61",,"0.00","0.0","0.0",,"84","67","  180","  160","13.0","18.1",,,,,,
"USW00094789","JFK INTERNATIONAL AIRPORT, NY US","2024-08-28","9.40",,"0.00","0.0","0.0",,"95","72","  260","  260","17.0","23.0",,,"    1",,,
"USW00094789","JFK INTERNATIONAL AIRPORT, NY US","2024-08-29","11.18",,"0.00","0.0","0.0",,"82","70","  120","  100","17.0","23.9",,,,,,
"USW00094789","JFK INTERNATIONAL AIRPORT, NY US","2024-08-30","10.51",,"0.28","0.0","0.0",,"76","62","  110","  110","16.1","21.9","    1",,,,,
"USW00094789","JFK INTERNATIONAL AIRPORT, NY US","2024-08-31","7.83"," 1229","0.00","0.0","0.0",,"80","69","  160","  150","13.0","17.0",,,,,,
"USW00094789","JFK INTERNATIONAL AIRPORT, NY US","2024-09-01","8.28",,"0.00","0.0","0.0",,"82","73","  240","  240","11.0","13.0",,,,,,
"USW00094789","JFK INTERNATIONAL AIRPORT, NY US","2024-09-02","14.76",,"0.00","0.0","0.0",,"83","64","  350","  320","23.0","36.9",,,,,,
"USW00094789","JFK INTERNATIONAL AIRPORT, NY US","2024-09-03","7.38",,"0.00","0.0","0.0",,"76","57","  360","  360","21.0","29.1",,,,,,
"USW00094789","JFK INTERNATIONAL AIRPORT, NY US","2024-09-04","5.37",,"0.00","0.0","0.0",,"77","57","  180","  150","16.1","23.0",,,,,,
"USW00094789","JFK INTERNATIONAL AIRPORT, NY US","2024-09-05","7.61",,"0.00","0.0","0.0",,"78","57","  120","  100","17.0","21.9",,,,,,
"USW00094789","JFK INTERNATIONAL AIRPORT, NY US","2024-09-06","7.83",,"0.00","0.0","0.0",,"79","63","  100","  100","14.1","21.0",,,,,,
"USW00094789","JFK INTERNATIONAL AIRPORT, NY US","2024-09-07","10.07",,"0.18","0.0","0.0",,"75","60","  280","  280","25.9","34.0","    1",,,,,
"USW00094789","JFK INTERNATIONAL AIRPORT, NY US","2024-09-08","13.20",,"0.00","0.0","0.0",,"74","56","  270","  310","23.0","32.0",,,,,,
"USW00094789","JFK INTERNATIONAL AIRPORT, NY US","2024-09-09","11.18",,"0.00","0.0","0.0",,"79","57","  190","  170","21.9","27.1",,,,,,
"USW00094789","JFK INTERNATIONAL AIRPORT, NY US","2024-09-10","8.05",,"0.00","0.0","0.0",,"81","63","  350","  360","15.0","19.9",,,,,,
"USW00094789","JFK INTERNATIONAL AIRPORT, NY US","2024-09-11","5.82",,"0.00","0.0","0.0",,"78","60","  150","  160","12.1","18.1",,,,,,
"USW00094789","JFK INTERNATIONAL AIRPORT, NY US","2024-09-12","4.92",,"0.00","0.0","0.0",,"78","59","  150","  140","13.0","17.0",,,,,,
"USW00094789","JFK INTERNATIONAL AIRPORT, NY US","2024-09-13","4.70",,"0.00","0.0","0.0",,"79","60","  190","  190","13.0","16.1",,,,,,
"USW00094789","JFK INTERNATIONAL AIRPORT, NY US","2024-09-14","4.92",,"0.00","0.0","0.0",,"85","63","  200","  200","13.0","15.0","    1",,,,,"    1"
"USW00094789","JFK INTERNATIONAL AIRPORT, NY US","2024-09-15","9.17",,"0.00","0.0","0.0",,"81","60","  100","  120","18.1","25.1",,,,,,
"USW00094789","JFK INTERNATIONAL AIRPORT, NY US","2024-09-16","7.38",,"0.00","0.0","0.0",,"78","58","  140","   50","14.1","19.0",,,,,,
"USW00094789","JFK INTERNATIONAL AIRPORT, NY US","2024-09-17","7.38",,"0.00","0.0","0.0",,"81","65","  140","  130","15.0","19.0",,,,,,
"USW00094789","JFK INTERNATIONAL AIRPORT, NY US","2024-09-18","9.17",,"0.00","0.0","0.0",,"80","67","   20","   50","15.0","21.0",,,,,,
"USW00094789","JFK INTERNATIONAL AIRPORT, NY US","2024-09-19","10.96",,"0.00","0.0","0.0",,"87","69","   30","   20","19.9","27.1",,,,,,
"USW00094789","JFK INTERNATIONAL AIRPORT, NY US","2024-09-20","13.20",,"0.00","0.0","0.0",,"84","67","  350","   20","21.0","32.0",,,,,,
"USW00094789","JFK INTERNATIONAL AIRPORT, NY US","2024-09-21","12.53",,"0.00","0.0","0.0",,"81","64","  360","  360","23.0","30.0",,,,,,
"USW00094789","JFK INTERNATIONAL AIRPORT, NY US","2024-09-22","10.07",,"0.00","0.0","0.0",,"77","62","   60","   20","17.0","23.0",,,,,,
"USW00094789","JFK INTERNATIONAL AIRPORT, NY US","2024-09-23","8.50",,"0.02","0.0","0.0",,"71","60","   40","   50","16.1","21.9",,,,,,
"USW00094789","JFK INTERNATIONAL AIRPORT, NY US","2024-09-24","8.95",,"0.00","0.0","0.0",,"71","60","  100","  100","16.1","23.9",,,,,,
"USW00094789","JFK INTERNATIONAL AIRPORT, NY US","2024-09-25","10.74",,"0.01","0.0","0.0",,"69","62","  100","   90","19.9","25.9",,,,,,
"USW00094789","JFK INTERNATIONAL AIRPORT, NY US","2024-09-26","9.40"," 1805","0.05","0.0","0.0",,"73","66","  190","  190","16.1","21.9",,,,,,
"USW00094789","JFK INTERNATIONAL AIRPORT, NY US","2024-09-27","6.49"," 0208","0.03","0.0","0.0",,"73","66","   40","   40","16.1","19.9","    1",,,,,
"USW00094789","JFK INTERNATIONAL AIRPORT, NY US","2024-09-28","14.09"," 1324","0.18","0.0","0.0",,"68","62","   70","   80","25.9","38.0","    1",,,,,
"USW00094789","JFK INTERNATIONAL AIRPORT, NY US","2024-09-29","7.61"," 0504","0.51","0.0","0.0",,"64","61","   60","   50","14.1","18.1","    1",,,,,
"USW00094789","JFK INTERNATIONAL AIRPORT, NY US","2024-09-30","7.83"," 1515","0.00","0.0","0.0",,"73","61","  100","  100","15.0","19.9",,,,,,
"USW00094789","JFK INTERNATIONAL AIRPORT, NY US","2024-10-01","9.40",,"0.00","0.0","0.0",,"72","59","  120","  120","16.1","21.0",,,,,,
"USW00094789","JFK INTERNATIONAL AIRPORT, NY US","2024-10-02","5.82",,"0.00","0.0","0.0",,"69","56","   80","  100","12.1","15.0",,,,,,
"USW00094789","JFK INTERNATIONAL AIRPORT, NY US","2024-10-03","5.82",,"0.00","0.0","0.0",,"73","61","  180","  170","13.0","16.1",,,,,,
"USW00094789","JFK INTERNATIONAL AIRPORT, NY US","2024-10-04","5.59",,"0.00","0.0","0.0",,"74","57","  150","  140","13.0","17.0",,,,,,
"USW00094789","JFK INTERNATIONAL AIRPORT, NY US","2024-10-05","9.62",,"0.00","0.0","0.0",,"78","60","  350","  350","18.1","31.1",,,,,,
"USW00094789","JFK INTERNATIONAL AIRPORT, NY US","2024-10-06","9.40",,"0.00","0.0","0.0",,"70","55","  210","  220","18.1","25.9",,,,,,
"USW00094789","JFK INTERNATIONAL AIRPORT, NY US","2024-10-07","13.87",,"0.00","0.0","0.0",,"80","59","  210","  320","23.0","30.0",,,,,,
"USW00094789","JFK INTERNATIONAL AIRPORT, NY US","2024-10-08","9.84",,"0.00","0.0","0.0",,"69","55","  320","  340","17.0","23.0",,,,,,
"USW00094789","JFK INTERNATIONAL AIRPORT, NY US","2024-10-09","10.07",,"0.00","0.0","0.0",,"71","54","  330","  320","25.1","36.0",,,,,,
"USW00094789","JFK INTERNATIONAL AIRPORT, NY US","2024-10-10","15.43",,"0.00","0.0","0.0",,"65","45","  340","  330","23.9","32.0",,,,,,
"USW00094789","JFK INTERNATIONAL AIRPORT, NY US","2024-10-11","10.74",,"0.00","0.0","0.0",,"72","42","  250","  260","21.0","25.9",,,,,,
"USW00094789","JFK INTERNATIONAL AIRPORT, NY US","2024-10-12","12.75",,"0.00","0.0","0.0",,"78","52","  310","  300","23.9","33.1",,,,,,
"USW00094789","JFK INTERNATIONAL AIRPORT, NY US","2024-10-13","9.62",,"0.00","0.0","0.0",,"73","53","  190","  180","25.1","33.1",,,,,,
"USW00094789","JFK INTERNATIONAL AIRPORT, NY US","2024-10-14","14.99",,"0.00","0.0","0.0",,"71","49","  290","  330","33.1","48.1",,,,,,
"USW00094789","JFK INTERNATIONAL AIRPORT, NY US","2024-10-15","13.20",,"0.00","0.0","0.0",,"60","46","  270","  260","18.1","23.9",,,,,,
"USW00094789","JFK INTERNATIONAL AIRPORT, NY US","2024-10-16","13.87",,"0.00","0.0","0.0",,"62","45","  320","  320","21.9","31.1",,,,,,
"USW00094789","JFK INTERNATIONAL AIRPORT, NY US","2024-10-17","12.30",,"0.00","0.0","0.0",,"63","43","  360","  330","21.9","28.0",,,,,,
"USW00094789","JFK INTERNATIONAL AIRPORT, NY US","2024-10-18","9.17",,"0.00","0.0","0.0",,"69","48","   30","   20","18.1","25.9",,,,,,
"USW00094789","JFK INTERNATIONAL AIRPORT, NY US","2024-10-19","5.37",,"0.00","0.0","0.0",,"67","47","  240","  190","10.1","15.0",,,,,,
"USW00094789","JFK INTERNATIONAL AIRPORT, NY US","2024-10-20","7.16",,"0.00","0.0","0.0",,"73","50","  200","  200","13.0","16.1",,,,,,
"USW00094789","JFK INTERNATIONAL AIRPORT, NY US","2024-10-21","6.71",,"0.00","0.0","0.0",,"78","51","  240","  250","14.1","17.0",,,,,,
"USW00094789","JFK INTERNATIONAL AIRPORT, NY US","2024-10-22","5.14",,"0.00","0.0","0.0",,"80","57","  160","  150","10.1","14.1",,,,,,
"USW00094789","JFK INTERNATIONAL AIRPORT, NY US","2024-10-23","11.41",,"0.00","0.0","0.0",,"72","56","  180","  180","25.1","34.0",,,,,,
"USW00094789","JFK INTERNATIONAL AIRPORT, NY US","2024-10-24","14.32",,"0.00","0.0","0.0",,"72","54","  350","  340","25.1","33.1",,,,,,
"USW00094789","JFK INTERNATIONAL AIRPORT, NY US","2024-10-25","10.74",,"0.00","0.0","0.0",,"63","47","  350","  350","19.9","25.1",,,,,,
"USW00094789","JFK INTERNATIONAL AIRPORT, NY US","2024-10-26","15.88",,"0.00","0.0","0.0",,"69","52","  320","  310","28.0","38.0",,,,,,
"USW00094789","JFK INTERNATIONAL AIRPORT, NY US","2024-10-27","10.07",,"0.00","0.0","0.0",,"60","45","  320","  320","19.9","23.9",,,,,,
"USW00094789","JFK INTERNATIONAL AIRPORT, NY US","2024-10-28","5.82",,"0.00","0.0","0.0",,"62","43","  150","  160","14.1","18.1",,,,,,
"USW00094789","JFK INTERNATIONAL AIRPORT, NY US","2024-10-29","12.30",,"0.01","0.0","0.0",,"67","51","  130","  130","21.9","30.0",,,,,,
"USW00094789","JFK INTERNATIONAL AIRPORT, NY US","2024-10-30","8.05",,"0.00","0.0","0.0",,"73","56","  240","  240","17.0","21.9","    1",,,,,
"USW00094789","JFK INTERNATIONAL AIRPORT, NY US","2024-10-31","11.18",,"0.00","0.0","0.0",,"78","57","  190","  210","17.0","23.0",,,,,,
"USW00094789","JFK INTERNATIONAL AIRPORT, NY US","2024-11-01","13.87",,"0.00","0.0","0.0",,"82","57","  270","  260","25.9","35.1",,,,,,
"USW00094789","JFK INTERNATIONAL AIRPORT, NY US","2024-11-02","11.63",,"0.00","0.0","0.0",,"64","46","  340","  330","19.9","25.1",,,,,,
"USW00094789","JFK INTERNATIONAL AIRPORT, NY US","2024-11-03","7.83",,"0.00","0.0","0.0",,"57","40","   30","   30","18.1","23.9",,,,,,
"USW00094789","JFK INTERNATIONAL AIRPORT, NY US","2024-11-04","7.61",,"0.00","0.0","0.0",,"60","39","  130","  100","16.1","21.0",,,,,,
"USW00094789","JFK INTERNATIONAL AIRPORT, NY US","2024-11-05","10.74",,"0.00","0.0","0.0",,"71","53","  190","  200","18.1","23.9","    1",,,,,"    1"
"USW00094789","JFK INTERNATIONAL AIRPORT, NY US","2024-11-06","10.51",,"0.00","0.0","0.0",,"75","61","  240","  240","16.1","21.0",,,,,,
"USW00094789","JFK INTERNATIONAL AIRPORT, NY US","2024-11-07","12.30",,"0.00","0.0","0.0",,"77","54","  310","  330","21.9","28.0",,,,,,
"USW00094789","JFK INTERNATIONAL AIRPORT, NY US","2024-11-08","14.76",,"0.00","0.0","0.0",,"71","48","  330","  330","40.0","52.1",,,,,,
"USW00094789","JFK INTERNATIONAL AIRPORT, NY US","2024-11-09","11.41",,"0.00","0.0","0.0",,"57","43","  330","  330","32.0","44.1",,,,,,
"USW00094789","JFK INTERNATIONAL AIRPORT, NY US","2024-11-10","8.95",,"0.03","0.0","0.0",,"60","38","  200","  200","21.0","27.1","    1",,,,,
"USW00094789","JFK INTERNATIONAL AIRPORT, NY US","2024-11-11","14.32",,"0.10","0.0","0.0",,"71","58","  270","  260","23.9","31.1",,,,,,
"USW00094789","JFK INTERNATIONAL AIRPORT, NY US","2024-11-12","19.91",,"0.00","0.0","0.0",,"61","42","  310","  300","32.0","44.1",,,,,,
"USW00094789","JFK INTERNATIONAL AIRPORT, NY US","2024-11-13","11.86",,"0.00","0.0","0.0",,"52","37","   20","   20","21.9","30.0",,,,,,
"USW00094789","JFK INTERNATIONAL AIRPORT, NY US","2024-11-14","5.82",,"0.00","0.0","0.0",,"49","34","   40","   40","17.0","23.0",,,,,,
"USW00094789","JFK INTERNATIONAL AIRPORT, NY US","2024-11-15","10.51",,"0.00","0.0","0.0",,"60","41","  330","  320","21.0","27.1",,,,,,
"USW00094789","JFK INTERNATIONAL AIRPORT, NY US","2024-11-16","15.88",,"0.00","0.0","0.0",,"66","44","  310","  320","25.1","33.1",,,,,,
"USW00094789","JFK INTERNATIONAL AIRPORT, NY US","2024-11-17","8.72",,"0.00","0.0","0.0",,"66","44","  260","  330","15.0","21.0",,,,,,
"USW00094789","JFK INTERNATIONAL AIRPORT, NY US","2024-11-18","12.53",,"0.00","0.0","0.0",,"70","48","  310","  310","23.0","31.1",,,,,,
"USW00094789","JFK INTERNATIONAL AIRPORT, NY US","2024-11-19","8.05",,"0.00","0.0","0.0",,"61","46","   10","   10","16.1","21.0",,,,,,
"USW00094789","JFK INTERNATIONAL AIRPORT, NY US","2024-11-20","6.49",,"0.00","0.0","0.0",,"61","52","  100","  100","25.1","35.1",,,,,,
"USW00094789","JFK INTERNATIONAL AIRPORT, NY US","2024-11-21","14.99",,"1.42","0.0","0.0",,"55","40","  300","  110","23.0","32.0","    1",,,,,
"USW00094789","JFK INTERNATIONAL AIRPORT, NY US","2024-11-22","19.24",,"0.28","0.0","0.0",,"44","38","  250","  250","36.0","47.0",,,,,,
"USW00094789","JFK INTERNATIONAL AIRPORT, NY US","2024-11-23","18.34",,"0.01","0.0","0.0",,"53","37","  300","  300","36.0","51.0",,,,,,
"USW00094789","JFK INTERNATIONAL AIRPORT, NY US","2024-11-24","16.55",,"0.00","0.0","0.0",,"56","46","  300","  290","28.0","36.9",,,,,,
"USW00094789","JFK INTERNATIONAL AIRPORT, NY US","2024-11-25","10.51",,"0.00","0.0","0.0",,"55","42","  300","  300","18.1","25.1",,,,,,
"USW00094789","JFK INTERNATIONAL AIRPORT, NY US","2024-11-26","10.96",,"0.35","0.0","0.0",,"62","46","  330","  330","23.0","28.0","    1",,,,,
"USW00094789","JFK INTERNATIONAL AIRPORT, NY US","2024-11-27","9.84",,"0.00","0.0","0.0",,"54","41","  250","  260","16.1","19.9",,,,,,
"USW00094789","JFK INTERNATIONAL AIRPORT, NY US","2024-11-28","12.53",,"0.95","0.0","0.0",,"56","43","  300","  290","30.0","38.0","    1",,,,,
"USW00094789","JFK INTERNATIONAL AIRPORT, NY US","2024-11-29","13.87",,"0.00","0.0","0.0",,"51","36","  310","  320","23.0","31.1",,,,,,
"USW00094789","JFK INTERNATIONAL AIRPORT, NY US","2024-11-30","14.32",,"0.00","0.0","0.0",,"42","32","  260","  280","23.9","32.0",,,,,,
"USW00094789","JFK INTERNATIONAL AIRPORT, NY US","2024-12-01","13.42",,"0.00","0.0","0.0",,"40","29","  270","  270","25.9","34.0",,,,,,
"USW00094789","JFK INTERNATIONAL AIRPORT, NY US","2024-12-02","11.18"," 1927","0.00","0.0","0.0",,"43","30","  320","  320","18.1","31.1",,,,,,
"USW00094789","JFK INTERNATIONAL AIRPORT, NY US","2024-12-03","11.63"," 2031","0.00","0.0","0.0",,"44","32","  330","  310","23.9","35.1",,,,,,
"USW00094789","JFK INTERNATIONAL AIRPORT, NY US","2024-12-04","13.87"," 2054","0.02","0.0","0.0",,"44","29","  240","  230","32.0","47.0",,,,,,
"USW00094789","JFK INTERNATIONAL AIRPORT, NY US","2024-12-05","20.58"," 1313","0.21","0.0","0.0",,"44","32","  280","  290","38.0","49.0",,,,,,
"USW00094789","JFK INTERNATIONAL AIRPORT, NY US","2024-12-06","17.90"," 0407","0.00","0.0","0.0",,"38","31","  310","  300","35.1","44.1",,,,,,
"USW00094789","JFK INTERNATIONAL AIRPORT, NY US","2024-12-07","13.65"," 2357","0.00","0.0","0.0",,"44","33","  230","  220","21.0","27.1",,,,,,
"USW00094789","JFK INTERNATIONAL AIRPORT, NY US","2024-12-08","13.42"," 1253","0.00","0.0","0.0",,"58","38","  240","  270","23.9","30.0",,,,,,
"USW00094789","JFK INTERNATIONAL AIRPORT, NY US","2024-12-09","6.26"," 1239","0.16","0.0","0.0",,"53","35","  110","  100","14.1","17.0","    1",,,,,
"USW00094789","JFK INTERNATIONAL AIRPORT, NY US","2024-12-10","8.72"," 2134","0.13","0.0","0.0",,"56","45","  120","  140","17.0","25.1",,,,,,
"USW00094789","JFK INTERNATIONAL AIRPORT, NY US","2024-12-11","20.13"," 1433","0.88","0.0","0.0",,"61","43","  190","  180","32.0","46.1",,,,,,
"USW00094789","JFK INTERNATIONAL AIRPORT, NY US","2024-12-12","21.25"," 1104","0.00","0.0","0.0",,"44","31","  270","  270","35.1","47.0",,,,,,
"USW00094789","JFK INTERNATIONAL AIRPORT, NY US","2024-12-13","11.41"," 0934","0.00","0.0","0.0",,"37","27","  320","  310","19.9","25.1",,,,,,
"USW00094789","JFK INTERNATIONAL AIRPORT, NY US","2024-12-14","6.04"," 0836","0.00","0.0","0.0",,"37","25","   30","   10","14.1","18.1",,,,,,
"USW00094789","JFK INTERNATIONAL AIRPORT, NY US","2024-12-15","7.61"," 1442","0.01","0.0","0.0",,"43","26","  100","  110","13.0","18.1",,,,,,
"USW00094789","JFK INTERNATIONAL AIRPORT, NY US","2024-12-16","11.18"," 1216","0.99","0.0","0.0",,"53","39","   90","  100","21.0","28.0",,"    1",,,,
"USW00094789","JFK INTERNATIONAL AIRPORT, NY US","2024-12-17","11.86"," 0045","0.08","0.0","0.0",,"58","44","  210","  200","19.9","25.9",,,,,,
"USW00094789","JFK INTERNATIONAL AIRPORT, NY US","2024-12-18","4.92"," 1938","0.18","0.0","0.0",,"54","37","  320","  320","18.1","25.1",,,,,,
"USW00094789","JFK INTERNATIONAL AIRPORT, NY US","2024-12-19","13.42"," 0546","0.04","0.0","0.0",,"49","38","  310","  320","25.9","35.1",,,,,,
"USW00094789","JFK INTERNATIONAL AIRPORT, NY US","2024-12-20","13.42"," 1842","0.05","0.0","0.0",,"40","35","   30","   10","21.0","28.0",,,,,,
"USW00094789","JFK INTERNATIONAL AIRPORT, NY US","2024-12-21","19.91"," 1914","0.12","2.5","2.0",,"36","21","  310","  320","32.0","42.1",,,,,,
"USW00094789","JFK INTERNATIONAL AIRPORT, NY US","2024-12-22","15.88"," 0945","0.00","0.0","0.0",,"23","15","  340","  340","25.1","32.0",,,,,,
"USW00094789","JFK INTERNATIONAL AIRPORT, NY US","2024-12-23","7.61"," 0021","0.00","0.0","0.0",,"34","12","   10","  360","17.0","25.1",,,,,,
"USW00094789","JFK INTERNATIONAL AIRPORT, NY US","2024-12-24","10.07"," 0009","0.04","0.5","0.0",,"41","31","  230","  230","18.1","23.0",,,,,,
"USW00094789","JFK INTERNATIONAL AIRPORT, NY US","2024-12-25","7.61"," 1415","0.00","0.0","0.0",,"39","29","  330","  330","16.1","21.0",,,,,,
"USW00094789","JFK INTERNATIONAL AIRPORT, NY US","2024-12-26","6.26"," 0018","0.00","0.0","0.0",,"41","25","   10","  360","10.1","15.0",,,,,,
"USW00094789","JFK INTERNATIONAL AIRPORT, NY US","2024-12-27","3.58"," 1321","0.00","0.0","0.0",,"42","26","  220","  210","8.1","11.0",,,,,,
"USW00094789","JFK INTERNATIONAL AIRPORT, NY US","2024-12-28","3.36"," 1428","0.65","0.0","0.0",,"51","41","  240","  240","8.9","12.1",,,,,,
"USW00094789","JFK INTERNATIONAL AIRPORT, NY US","2024-12-29","10.96"," 2352","0.22","0.0","0.0",,"57","49","  160","  160","25.9","40.0",,,,,,
"USW00094789","JFK INTERNATIONAL AIRPORT, NY US","2024-12-30","16.11"," 0143","0.28","0.0","0.0",,"60","45","  150","  150","28.0","38.9","    1",,,,,
"USW00094789","JFK INTERNATIONAL AIRPORT, NY US","2024-12-31","10.51"," 2232","0.38","0.0","0.0",,"54","38","  120","  120","25.9","40.0",,,,,,
"USW00094789","JFK INTERNATIONAL AIRPORT, NY US","2025-01-01","16.33"," 1530","0.00","0.0","0.0",,"53","41","  290","  300","33.1","46.1",,,,,,
"USW00094789","JFK INTERNATIONAL AIRPORT, NY US","2025-01-02","21.47"," 1451","0.00","0.0","0.0",,"46","35","  270","  250","33.1","47.0",,,,,,
"USW00094789","JFK INTERNATIONAL AIRPORT, NY US","2025-01-03","16.11"," 0024","0.00","0.0","0.0",,"41","33","  270","  270","28.0","36.0",,,,,,
"USW00094789","JFK INTERNATIONAL AIRPORT, NY US","2025-01-04","20.80"," 1538","0.00","0.0","0.0",,"37","30","  320","  300","33.1","47.0",,,,,,
"USW00094789","JFK INTERNATIONAL AIRPORT, NY US","2025-01-05","17.45"," 0058","0.00","0.0","0.0",,"37","29","  270","  270","28.0","36.9",,,,,,
"USW00094789","JFK INTERNATIONAL AIRPORT, NY US","2025-01-06","10.29"," 2336","0.06","0.5","0.0",,"33","24","  330","  320","30.0","36.9",,,,,,
"USW00094789","JFK INTERNATIONAL AIRPORT, NY US","2025-01-07","24.61"," 1436","0.00","0.0","0.0",,"36","20","  310","  300","38.9","53.0",,,,,,
"USW00094789","JFK INTERNATIONAL AIRPORT, NY US","2025-01-08","23.71"," 0826","0.00","0.0","0.0",,"33","24","  310","  320","32.0","46.1",,,,,,
"USW00094789","JFK INTERNATIONAL AIRPORT, NY US","2025-01-09","25.50"," 0503","0.00","0.0","0.0",,"37","24","  310","  300","38.9","53.0",,,,,,
"USW00094789","JFK INTERNATIONAL AIRPORT, NY US","2025-01-10","13.65"," 0019","0.00","0.0","0.0",,"44","29","  320","  330","28.0","38.0",,,,,,
"USW00094789","JFK INTERNATIONAL AIRPORT, NY US","2025-01-11","13.65"," 2030","0.03","0.4","0.0",,"38","30","  330","  320","28.0","38.0",,,,,,
"USW00094789","JFK INTERNATIONAL AIRPORT, NY US","2025-01-12","10.29"," 0218","0.00","0.0","0.0",,"46","31","  310","  320","21.0","28.0",,,,,,
"USW00094789","JFK INTERNATIONAL AIRPORT, NY US","2025-01-13","11.63"," 1336","0.00","0.0","0.0",,"43","30","  240","  240","19.9","23.9",,,,,,
"USW00094789","JFK INTERNATIONAL AIRPORT, NY US","2025-01-14","17.22"," 2328","0.00","0.0","0.0",,"38","28","  320","  300","25.9","35.1",,,,,,
"USW00094789","JFK INTERNATIONAL AIRPORT, NY US","2025-01-15","18.57"," 1202","0.00","0.0","0.0",,"36","25","  310","  310","30.0","40.0",,,,,,
"USW00094789","JFK INTERNATIONAL AIRPORT, NY US","2025-01-16","11.18"," 1129","0.00","0.0","0.0",,"32","25","  240","  230","18.1","23.0",,,,,,
"USW00094789","JFK INTERNATIONAL AIRPORT, NY US","2025-01-17","10.74"," 2129","0.00","0.0","0.0",,"44","27","  210","  210","17.0","23.0",,,,,,
"USW00094789","JFK INTERNATIONAL AIRPORT, NY US","2025-01-18","11.18"," 1131","0.17","0.0","0.0",,"48","35","  160","  150","21.9","30.0",,,,,,
"USW00094789","JFK INTERNATIONAL AIRPORT, NY US","2025-01-19","12.30"," 1842","0.24","1.6","0.0",,"43","29","  330","  360","25.9","36.0",,,,,,
"USW00094789","JFK INTERNATIONAL AIRPORT, NY US","2025-01-20","15.43"," 0431","0.00","0.0","2.0",,"29","19","  320","  310","23.9","31.1",,,,,,
"USW00094789","JFK INTERNATIONAL AIRPORT, NY US","2025-01-21","11.41"," 2245","0.00","0.0","1.2",,"20","14","  300","  300","19.9","25.1",,,,,,
"USW00094789","JFK INTERNATIONAL AIRPORT, NY US","2025-01-22","8.28"," 0000","0.00","0.0","1.2",,"23","13","  330","  330","19.9","23.0",,,,,,
"USW00094789","JFK INTERNATIONAL AIRPORT, NY US","2025-01-23","7.16"," 2348","0.00","0.0","1.2",,"30","16","  270","  260","15.0","19.0",,,,,,
"USW00094789","JFK INTERNATIONAL AIRPORT, NY US","2025-01-24","10.51"," 1001","0.00","0.0","1.2",,"35","20","  310","  300","18.1","23.9",,,,,,
"USW00094789","JFK INTERNATIONAL AIRPORT, NY US","2025-01-25","10.29"," 2208","0.00","0.0","1.2",,"33","18","  230","  230","18.1","23.0",,,,,,
"USW00094789","JFK INTERNATIONAL AIRPORT, NY US","2025-01-26","10.29"," 1251","0.00","0.0","0.0",,"45","29","  270","  280","21.9","30.0",,,,,,
"USW00094789","JFK INTERNATIONAL AIRPORT, NY US","2025-01-27","13.42"," 2240","0.00","0.0","0.0",,"42","29","  230","  230","23.9","33.1",,,,,,
"USW00094789","JFK INTERNATIONAL AIRPORT, NY US","2025-01-28","16.11"," 1119","0.00","0.0","0.0",,"46","30","  300","  300","31.1","46.1",,,,,,
"USW00094789","JFK INTERNATIONAL AIRPORT, NY US","2025-01-29","19.91"," 1633","0.00","0.0","0.0",,"55","34","  300","  290","36.9","53.0",,,,,,
"USW00094789","JFK INTERNATIONAL AIRPORT, NY US","2025-01-30","15.21"," 0019","0.00","0.0","0.0",,"40","26","  320","  320","33.1","44.1",,,,,,
"USW00094789","JFK INTERNATIONAL AIRPORT, NY US","2025-01-31","7.16"," 0306","0.15","0.0","0.0",,"48","40","  200","  200","19.9","25.9",,,,,,
"USW00094789","JFK INTERNATIONAL AIRPORT, NY US","2025-02-01","17.00",,"0.01","0.0","0.0",,"50","23","  340","  330","31.1","42.9","    1",,,,,"    1"
"USW00094789","JFK INTERNATIONAL AIRPORT, NY US","2025-02-02","9.84",,"0.09","0.0","0.0",,"39","19","  190","  180","17.0","23.0",,,,"    1",,
"USW00094789","JFK INTERNATIONAL AIRPORT, NY US","2025-02-03","8.50",,"0.00","0.0","0.0",,"46","32","  190","  200","17.0","21.9",,,,,,
"USW00094789","JFK INTERNATIONAL AIRPORT, NY US","2025-02-04","17.90",,"0.00","0.0","0.0",,"50","33","  320","  330","36.9","46.1",,,,,,
"USW00094789","JFK INTERNATIONAL AIRPORT, NY US","2025-02-05","9.62",,"0.00","0.0","0.0",,"42","29","  330","  320","21.0","27.1",,,,,,"    1"
"USW00094789","JFK INTERNATIONAL AIRPORT, NY US","2025-02-06","10.29",,"0.25","0.2","0.0",,"42","33","  250","  260","18.1","23.9","    1",,,"    1",,
"USW00094789","JFK INTERNATIONAL AIRPORT, NY US","2025-02-07","16.33",,"0.00","0.0","0.0",,"48","31","  320","  300","31.1","45.0","    1",,,,,
"USW00094789","JFK INTERNATIONAL AIRPORT, NY US","2025-02-08","7.38",,"0.67","3.3","0.0",,"37","27","  320","  310","18.1","23.0","    1",,,"    1",,
"USW00094789","JFK INTERNATIONAL AIRPORT, NY US","2025-02-09","11.41",,"0.05","0.1","3.1",,"38","34","  330","  320","25.1","33.1","    1",,,"    1","    1",
"USW00094789","JFK INTERNATIONAL AIRPORT, NY US","2025-02-10","11.41",,"0.00","0.0","1.2",,"39","30","  290","  320","18.1","25.1",,,,,,
"USW00094789","JFK INTERNATIONAL AIRPORT, NY US","2025-02-11","4.47",,"0.14","1.3","1.2",,"38","26","  200","  210","14.1","21.9","    1",,,,,
"USW00094789","JFK INTERNATIONAL AIRPORT, NY US","2025-02-12","11.41",,"0.13","0.5","3.1",,"38","33","   60","   50","18.1","25.1","    1",,,,,
"USW00094789","JFK INTERNATIONAL AIRPORT, NY US","2025-02-13","13.87",,"0.20","0.0","2.0",,"49","38","  300","  310","33.1","44.1","    1","    1",,,,
"USW00094789","JFK INTERNATIONAL AIRPORT, NY US","2025-02-14","15.43",,"0.00","0.0","0.0",,"40","32","  310","  300","30.0","38.0",,,,,,
"USW00094789","JFK INTERNATIONAL AIRPORT, NY US","2025-02-15","8.72",,"0.53","1.0","0.0",,"38","28","   70","   70","17.0","21.0","    1",,,"    1",,
"USW00094789","JFK INTERNATIONAL AIRPORT, NY US","2025-02-16","16.33",,"1.10","0.0","0.0",,"52","36","  270","  270","45.0","63.1","    1","    1",,,,
"USW00094789","JFK INTERNATIONAL AIRPORT, NY US","2025-02-17","25.05",,"0.00","0.0","0.0",,"39","29","  300","  300","38.9","55.9",,,,,,
"USW00094789","JFK INTERNATIONAL AIRPORT, NY US","2025-02-18","20.13",,"0.00","0.0","0.0",,"32","22","  300","  320","28.0","42.1",,,,,,
"USW00094789","JFK INTERNATIONAL AIRPORT, NY US","2025-02-19","14.76",,"0.00","0.0","0.0",,"36","20","  300","  310","25.1","32.0",,,,,,
"USW00094789","JFK INTERNATIONAL AIRPORT, NY US","2025-02-20","15.43",,"0.00","0.1","0.0",,"34","20","  320","  330","30.0","40.0",,,,,,
"USW00094789","JFK INTERNATIONAL AIRPORT, NY US","2025-02-21","22.37",,"0.00","0.0","0.0",,"40","24","  320","  300","30.0","40.9",,,,,,
"USW00094789","JFK INTERNATIONAL AIRPORT, NY US","2025-02-22","13.42",,"0.00","0.0","0.0",,"41","23","  330","  320","23.9","31.1",,,,,,
"USW00094789","JFK INTERNATIONAL AIRPORT, NY US","2025-02-23","10.51",,"0.00","0.0","0.0",,"50","33","  270","  270","17.0","23.9",,,,,,
"USW00094789","JFK INTERNATIONAL AIRPORT, NY US","2025-02-24","13.87",,"0.00","0.0","0.0",,"50","33","  190","  190","29.1","36.9",,,,,,
"USW00094789","JFK INTERNATIONAL AIRPORT, NY US","2025-02-25","6.93",,"0.00","0.0","0.0",,"55","39","  320","  320","17.0","25.1",,,,,,
"USW00094789","JFK INTERNATIONAL AIRPORT, NY US","2025-02-26","11.41",,"0.00","0.0","0.0",,"60","39","  310","  320","23.0","31.1",,,,,,
"USW00094789","JFK INTERNATIONAL AIRPORT, NY US","2025-02-27","9.17",,"0.00","0.0","0.0",,"53","44","  310","  310","25.1","34.0",,,,,,"    1"
"USW00094789","JFK INTERNATIONAL AIRPORT, NY US","2025-02-28","14.32",,"0.00","0.0","0.0",,"55","42","  310","  310","25.1","33.1",,,,,,
"USW00094789","JFK INTERNATIONAL AIRPORT, NY US","2025-03-01","17.00",,"0.00","0.0","0.0",,"67","30","  310","  310","36.9","49.0",,,,,,
"USW00094789","JFK INTERNATIONAL AIRPORT, NY US","2025-03-02","19.01",,"0.00","0.0","0.0",,"38","23","  330","  330","32.0","42.1",,,,,,
"USW00094789","JFK INTERNATIONAL AIRPORT, NY US","2025-03-03","12.53",,"0.00","0.0","0.0",,"40","24","  190","  340","19.9","25.9",,,,,,
"USW00094789","JFK INTERNATIONAL AIRPORT, NY US","2025-03-04","16.11",,"0.00","0.0","0.0",,"49","30","  190","  190","25.9","35.1",,,,,,
"USW00094789","JFK INTERNATIONAL AIRPORT, NY US","2025-03-05","19.91",,"1.49","0.0","0.0",,"55","42","  180","  180","33.1","47.0","    1",,,,,
"USW00094789","JFK INTERNATIONAL AIRPORT, NY US","2025-03-06","18.57",,"0.01","0.0","0.0",,"57","38","  320","  320","36.9","51.0","    1","    1",,,,
"USW00094789","JFK INTERNATIONAL AIRPORT, NY US","2025-03-07","22.82",,"0.00","0.0","0.0",,"54","37","  310","  290","38.0","55.0",,,,,,
"USW00094789","JFK INTERNATIONAL AIRPORT, NY US","2025-03-08","17.90",,"0.00","0.0","0.0",,"49","38","  290","  320","32.0","44.1",,,,,,
"USW00094789","JFK INTERNATIONAL AIRPORT, NY US","2025-03-09","14.76",,"0.00","0.0","0.0",,"57","34","  270","  290","23.9","38.0",,,,,,
"USW00094789","JFK INTERNATIONAL AIRPORT, NY US","2025-03-10","11.41",,"0.00","0.0","0.0",,"63","39","  180","  180","21.9","29.1",,,,,,
"USW00094789","JFK INTERNATIONAL AIRPORT, NY US","2025-03-11","8.95",,"0.00","0.0","0.0",,"62","37","  180","  180","23.0","29.1",,,,,,
"USW00094789","JFK INTERNATIONAL AIRPORT, NY US","2025-03-12","10.07",,"0.00","0.0","0.0",,"57","42","   20","   10","21.9","29.1",,,,,,
"USW00094789","JFK INTERNATIONAL AIRPORT, NY US","2025-03-13","13.20",,"0.00","0.0","0.0",,"52","38","  100","  100","21.0","29.1",,,,,,
"USW00094789","JFK INTERNATIONAL AIRPORT, NY US","2025-03-14","8.28",,"0.00","0.0","0.0",,"54","42","  160","  160","15.0","19.9","    1",,,,,"    1"
"USW00094789","JFK INTERNATIONAL AIRPORT, NY US","2025-03-15","8.50",,"0.01","0.0","0.0",,"48","43","  110","  110","13.0","18.1","    1","    1",,,,"    1"
"USW00094789","JFK INTERNATIONAL AIRPORT, NY US","2025-03-16","15.43",,"0.06","0.0","0.0",,"56","48","  180","  190","33.1","44.1","    1","    1",,,,
"USW00094789","JFK INTERNATIONAL AIRPORT, NY US","2025-03-17","13.20",,"0.82","0.0","0.0",,"60","41","  360","  170","25.9","38.0","    1","    1",,,,
"USW00094789","JFK INTERNATIONAL AIRPORT, NY US","2025-03-18","12.30",,"0.00","0.0","0.0",,"61","37","  360","  350","28.0","36.0",,,,,,
"USW00094789","JFK INTERNATIONAL AIRPORT, NY US","2025-03-19","6.93",,"0.00","0.0","0.0",,"60","38","  120","  110","17.0","23.0","    1","    1",,,,
"USW00094789","JFK INTERNATIONAL AIRPORT, NY US","2025-03-20","10.51",,"0.41","0.0","0.0",,"50","42","  110","  110","19.9","25.1","    1","    1",,,,
"USW00094789","JFK INTERNATIONAL AIRPORT, NY US","2025-03-21","20.36",,"0.06","0.0","0.0",,"54","40","  320","  330","42.9","53.9","    1",,,,,
"USW00094789","JFK INTERNATIONAL AIRPORT, NY US","2025-03-22","14.54",,"0.00","0.0","0.0",,"62","38","  290","  320","32.0","42.9",,,,,,
"USW00094789","JFK INTERNATIONAL AIRPORT, NY US","2025-03-23","14.32",,"0.00","0.0","0.0",,"48","32","  330","  320","28.0","36.9",,,,,,
"USW00094789","JFK INTERNATIONAL AIRPORT, NY US","2025-03-24","11.41",,"0.83","0.0","0.0",,"50","40","  130","  130","23.9","32.0","    1","    1",,,,
"USW00094789","JFK INTERNATIONAL AIRPORT, NY US","2025-03-25","13.42",,"0.00","0.0","0.0",,"61","44","  250","  250","25.9","34.0","    1",,,,,
"USW00094789","JFK INTERNATIONAL AIRPORT, NY US","2025-03-26","12.75",,"0.01","0.0","0.0",,"54","39","  250","  270","28.0","38.9",,,,,,
"USW00094789","JFK INTERNATIONAL AIRPORT, NY US","2025-03-27","14.09",,"0.00","0.0","0.0",,"54","35","  290","  320","23.9","31.1",,,,,,
"USW00094789","JFK INTERNATIONAL AIRPORT, NY US","2025-03-28","10.51",,"0.01","0.0","0.0",,"63","42","  250","  240","19.9","23.9",,,,,,
"USW00094789","JFK INTERNATIONAL AIRPORT, NY US","2025-03-29","13.42",,"0.01","0.0","0.0",,"82","44","  110","  110","25.1","32.0",,,,,,
"USW00094789","JFK INTERNATIONAL AIRPORT, NY US","2025-03-30","10.29",,"0.02","0.0","0.0",,"50","44","  100","  110","17.0","21.9","    1",,,,,
"USW00094789","JFK INTERNATIONAL AIRPORT, NY US","2025-03-31","12.53",,"0.51","0.0","0.0",,"62","48","  180","  190","25.9","34.0","    1","    1",,,,
"USW00094789","JFK INTERNATIONAL AIRPORT, NY US","2025-04-01","16.55",,"0.12","0.0","0.0",,"57","43","  330","  310","29.1","36.9","    1",,,,,
"USW00094789","JFK INTERNATIONAL AIRPORT, NY US","2025-04-02","12.53",,"0.01","0.0","0.0",,"48","37","  130","  140","21.9","28.0",,,,,,
"USW00094789","JFK INTERNATIONAL AIRPORT, NY US","2025-04-03","8.95",,"0.09","0.0","0.0",,"60","45","  190","  170","16.1","21.9","    1",,,,,
"USW00094789","JFK INTERNATIONAL AIRPORT, NY US","2025-04-04","10.07",,"0.09","0.0","0.0",,"71","57","  300","  300","21.0","28.0","    1",,,,,
"USW00094789","JFK INTERNATIONAL AIRPORT, NY US","2025-04-05","14.09",,"0.15","0.0","0.0",,"58","45","  110","  110","25.9","36.0","    1",,,,,
"USW00094789","JFK INTERNATIONAL AIRPORT, NY US","2025-04-06","7.61",,"0.02","0.0","0.0",,"59","45","  330","  320","18.1","23.0","    1",,"    1",,,
"USW00094789","JFK INTERNATIONAL AIRPORT, NY US","2025-04-07","8.50",,"0.17","0.0","0.0",,"52","40","  360","  350","19.9","23.0","    1",,,,,
"USW00094789","JFK INTERNATIONAL AIRPORT, NY US","2025-04-08","18.12",,"0.01","0.0","0.0",,"49","36","  320","  310","35.1","46.1","    1",,,,,
"USW00094789","JFK INTERNATIONAL AIRPORT, NY US","2025-04-09","14.99",,"0.00","0.0","0.0",,"49","32","  330","  320","23.9","33.1",,,,,,
"USW00094789","JFK INTERNATIONAL AIRPORT, NY US","2025-04-10","10.29",,"0.00","0.0","0.0",,"50","39","  180","   90","19.9","28.0",,,,,,
"USW00094789","JFK INTERNATIONAL AIRPORT, NY US","2025-04-11","11.18",,"0.45","0.0","0.0",,"49","40","   40","   30","28.0","36.9","    1",,,,,
"USW00094789","JFK INTERNATIONAL AIRPORT, NY US","2025-04-12","16.11",,"0.57","0.0","0.0",,"41","38","   30","   20","25.1","36.0","    1",,,,,
"USW00094789","JFK INTERNATIONAL AIRPORT, NY US","2025-04-13","12.97",,"0.04","0.0","0.0",,"59","40","  340","  330","28.0","36.0","    1",,,,,
"USW00094789","JFK INTERNATIONAL AIRPORT, NY US","2025-04-14","8.05",,"0.03","0.0","0.0",,"62","43","  240","  180","16.1","19.0","    1",,,,,
"USW00094789","JFK INTERNATIONAL AIRPORT, NY US","2025-04-15","13.20",,"0.01","0.0","0.0",,"71","47","  290","  300","36.0","48.1","    1",,,,,
"USW00094789","JFK INTERNATIONAL AIRPORT, NY US","2025-04-16","20.36",,"0.00","0.0","0.0",,"52","45","  280","  280","30.0","42.1",,,,,,
"USW00094789","JFK INTERNATIONAL AIRPORT, NY US","2025-04-17","13.42",,"0.00","0.0","0.0",,"66","43","  320","  310","25.1","35.1",,,,,,
"USW00094789","JFK INTERNATIONAL AIRPORT, NY US","2025-04-18","12.53",,"0.00","0.0","0.0",,"62","40","  180","  190","32.0","42.9",,,,,,
"USW00094789","JFK INTERNATIONAL AIRPORT, NY US","2025-04-19","13.42",,"0.00","0.0","0.0",,"78","52","  240","  260","23.9","35.1",,,,,,
"USW00094789","JFK INTERNATIONAL AIRPORT, NY US","2025-04-20","14.99",,"0.00","0.0","0.0",,"71","52","  340","  350","31.1","40.9",,,,,,
"USW00094789","JFK INTERNATIONAL AIRPORT, NY US","2025-04-21","9.17",,"0.00","0.0","0.0",,"56","47","  130","  120","19.9","28.0",,,,,,
"USW00094789","JFK INTERNATIONAL AIRPORT, NY US","2025-04-22","9.40",,"0.00","0.0",,,"75","50","  260","  270","19.9","25.9","    1",,,,,"    1"
"USW00094789","JFK INTERNATIONAL AIRPORT, NY US","2025-04-23","10.51",,"0.00","0.0","0.0",,"70","50","  360","   10","21.0","25.9",,,,,,
"USW00094789","JFK INTERNATIONAL AIRPORT, NY US","2025-04-24","9.40",,"0.00","0.0","0.0",,"74","47","  190","  180","21.9","28.0",,,,,,
"USW00094789","JFK INTERNATIONAL AIRPORT, NY US","2025-04-25","13.42",,"0.00","0.0","0.0",,"71","52","  180","  180","25.1","33.1","    1",,,,,
"USW00094789","JFK INTERNATIONAL AIRPORT, NY US","2025-04-26","14.99",,"0.41","0.0","0.0",,"69","54","  310","  320","31.1","38.9","    1","    1","    1",,,
"USW00094789","JFK INTERNATIONAL AIRPORT, NY US","2025-04-27","22.15",,"0.00","0.0","0.0",,"63","49","  320","  330","36.0","49.0",,,,,,
"USW00094789","JFK INTERNATIONAL AIRPORT, NY US","2025-04-28","12.53",,"0.00","0.0","0.0",,"75","53","  190","  200","21.9","29.1",,,,,,
"USW00094789","JFK INTERNATIONAL AIRPORT, NY US","2025-04-29","15.66",,"0.00","0.0","0.0",,"68","50","  190","  180","31.1","40.0",,,,,,
"USW00094789","JFK INTERNATIONAL AIRPORT, NY US","2025-04-30","14.09",,"0.00","0.0","0.0",,"77","58","  330","  340","25.9","33.1",,,,,,
"USW00094789","JFK INTERNATIONAL AIRPORT, NY US","2025-05-01","10.51",,"0.00","0.0","0.0",,"67","50","  110","  100","21.0","27.1",,,"    1",,,
"USW00094789","JFK INTERNATIONAL AIRPORT, NY US","2025-05-02","7.83",,"0.00","0.0","0.0",,"77","56","  180","  190","21.9","27.1","    1",,,,,
"USW00094789","JFK INTERNATIONAL AIRPORT, NY US","2025-05-03","12.08",,"0.00","0.0","0.0",,"71","55","  190","  200","28.0","36.9",,,,,,
"USW00094789","JFK INTERNATIONAL AIRPORT, NY US","2025-05-04","9.84",,"0.41","0.0","0.0",,"67","58","  180","  180","23.0","32.0","    1","    1",,,,
"USW00094789","JFK INTERNATIONAL AIRPORT, NY US","2025-05-05","10.07",,"1.02","0.0","0.0",,"66","59","  110","  100","21.0","29.1","    1","    1",,,,
"USW00094789","JFK INTERNATIONAL AIRPORT, NY US","2025-05-06","10.96",,"0.05","0.0","0.0",,"65","54","  140","  130","21.9","30.0","    1","    1",,,,
"USW00094789","JFK INTERNATIONAL AIRPORT, NY US","2025-05-07","8.72",,"0.00","0.0","0.0",,"72","54","  190","  190","18.1","21.9",,,,,,
"USW00094789","JFK INTERNATIONAL AIRPORT, NY US","2025-05-08","8.72",,"0.00","0.0","0.0",,"74","58","  190","  190","18.1","23.0",,,,,,
"USW00094789","JFK INTERNATIONAL AIRPORT, NY US","2025-05-09","9.40",,"0.25","0.0","0.0",,"63","54","  300","  310","21.0","28.0","    1",,,,,
"USW00094789","JFK INTERNATIONAL AIRPORT, NY US","2025-05-10","16.78",,"0.00","0.0","0.0",,"74","52","  330","  320","30.0","38.9",,,,,,
"USW00094789","JFK INTERNATIONAL AIRPORT, NY US","2025-05-11","7.16",,"0.00","0.0","0.0",,"79","54","  340","  320","15.0","23.0",,,,,,
"USW00094789","JFK INTERNATIONAL AIRPORT, NY US","2025-05-12","8.28",,"0.00","0.0","0.0",,"70","52","  120","  140","16.1","21.9",,,,,,
"USW00094789","JFK INTERNATIONAL AIRPORT, NY US","2025-05-13","8.28",,"0.20","0.0","0.0",,"72","59","  150","  100","17.0","21.9","    1",,,,,
"USW00094789","JFK INTERNATIONAL AIRPORT, NY US","2025-05-14","13.65",,"0.62","0.0","0.0",,"65","60","  100","  100","25.9","36.9","    1","    1",,,,
"USW00094789","JFK INTERNATIONAL AIRPORT, NY US","2025-05-15","5.59",,"0.01","0.0","0.0",,"72","61","  140","  130","13.0","16.1","    1","    1",,,,"    1"
"USW00094789","JFK INTERNATIONAL AIRPORT, NY US","2025-05-16","5.82",,"0.07","0.0","0.0",,"71","61","  150","  150","23.9","31.1","    1","    1","    1",,,"    1"
"USW00094789","JFK INTERNATIONAL AIRPORT, NY US","2025-05-17","11.41",,"0.00","0.0","0.0",,"82","61","  330","  320","31.1","38.9","    1","    1",,,,
"USW00094789","JFK INTERNATIONAL AIRPORT, NY US","2025-05-18","19.69",,"0.00","0.0","0.0",,"78","63","  310","  320","30.0","40.9",,,,,,
"USW00094789","JFK INTERNATIONAL AIRPORT, NY US","2025-05-19","19.91",,"0.00","0.0","0.0",,"74","53","  310","  310","31.1","40.9",,,,,,
"USW00094789","JFK INTERNATIONAL AIRPORT, NY US","2025-05-20","11.18",,"0.00","0.0","0.0",,"69","50","  360","   10","21.9","30.0",,,,,,
"USW00094789","JFK INTERNATIONAL AIRPORT, NY US","2025-05-21","14.09",,"0.13","0.0","0.0",,"58","50","  100","  110","23.0","30.0","    1",,,,,
"USW00094789","JFK INTERNATIONAL AIRPORT, NY US","2025-05-22","12.53",,"0.87","0.0","0.0",,"55","49","   40","   40","23.0","30.0","    1",,,,,
"USW00094789","JFK INTERNATIONAL AIRPORT, NY US","2025-05-23","7.16",,"0.05","0.0","0.0",,"67","48","  320","  320","18.1","25.9","    1",,,,,"    1"
"USW00094789","JFK INTERNATIONAL AIRPORT, NY US","2025-05-24","15.21",,"0.00","0.0","0.0",,"68","51","  310","  300","25.9","38.9",,,,,,
"USW00094789","JFK INTERNATIONAL AIRPORT, NY US","2025-05-25","13.87",,"0.00","0.0","0.0",,"70","54","  310","  300","21.9","29.1",,,,,,
"USW00094789","JFK INTERNATIONAL AIRPORT, NY US","2025-05-26","9.62",,"0.00","0.0","0.0",,"73","54","  200","  210","17.0","21.9",,,,,,
"USW00094789","JFK INTERNATIONAL AIRPORT, NY US","2025-05-27","9.40",,"0.00","0.0","0.0",,"73","54","  190","  190","19.9","23.9",,,,,,
"USW00094789","JFK INTERNATIONAL AIRPORT, NY US","2025-05-28","7.38",,"0.15","0.0","0.0",,"66","55","  190","  180","17.0","21.9","    1",,,,,
"USW00094789","JFK INTERNATIONAL AIRPORT, NY US","2025-05-29","8.72",,"0.12","0.0","0.0",,"70","57","   20","   20","16.1","19.9","    1",,,,,
"USW00094789","JFK INTERNATIONAL AIRPORT, NY US","2025-05-30","8.28",,"0.06","0.0","0.0",,"72","58","  180","  180","16.1","19.9","    1",,,,,"    1"
"USW00094789","JFK INTERNATIONAL AIRPORT, NY US","2025-05-31","18.34",,"0.42","0.0","0.0",,"73","55","  310","  320","32.0","45.0","    1",,"    1",,,
"USW00094789","JFK INTERNATIONAL AIRPORT, NY US","2025-06-01","14.99",,"0.00","0.0","0.0",,"70","52","  270","  250","23.9","35.1",,,,,,
