"date","borough","coords_cbd","ridership","min_temp","snow","rain","unemp"
2024-06-01,"Bronx",FALSE,140211,62,0,0,4.7
2024-06-01,"Brooklyn",FALSE,NA,62,0,0,4.7
2024-06-01,"Brooklyn",TRUE,20848,62,0,0,4.7
2024-06-01,"Manhattan",FALSE,NA,62,0,0,4.7
2024-06-01,"Manhattan",TRUE,NA,62,0,0,4.7
2024-06-01,"Queens",FALSE,NA,62,0,0,4.7
2024-06-02,"Bronx",FALSE,107377,62,0,0,NA
2024-06-02,"Brooklyn",FALSE,NA,62,0,0,NA
2024-06-02,"Brooklyn",TRUE,16680,62,0,0,NA
2024-06-02,"Manhattan",FALSE,NA,62,0,0,NA
2024-06-02,"Manhattan",TRUE,NA,62,0,0,NA
2024-06-02,"Queens",FALSE,NA,62,0,0,NA
2024-06-03,"Bronx",FALSE,219735,66,0,0.02,NA
2024-06-03,"Brooklyn",FALSE,NA,66,0,0.02,NA
2024-06-03,"Brooklyn",TRUE,19945,66,0,0.02,NA
2024-06-03,"Manhattan",FALSE,NA,66,0,0.02,NA
2024-06-03,"Manhattan",TRUE,NA,66,0,0.02,NA
2024-06-03,"Queens",FALSE,NA,66,0,0.02,NA
2024-06-04,"Bronx",FALSE,NA,64,0,0,NA
2024-06-04,"Brooklyn",FALSE,NA,64,0,0,NA
2024-06-04,"Brooklyn",TRUE,NA,64,0,0,NA
2024-06-04,"Manhattan",FALSE,NA,64,0,0,NA
2024-06-04,"Manhattan",TRUE,NA,64,0,0,NA
2024-06-04,"Queens",FALSE,NA,64,0,0,NA
2024-06-05,"Bronx",FALSE,NA,63,0,0.04,NA
2024-06-05,"Brooklyn",FALSE,NA,63,0,0.04,NA
2024-06-05,"Brooklyn",TRUE,NA,63,0,0.04,NA
2024-06-05,"Manhattan",FALSE,NA,63,0,0.04,NA
2024-06-05,"Manhattan",TRUE,NA,63,0,0.04,NA
2024-06-05,"Queens",FALSE,NA,63,0,0.04,NA
2024-06-06,"Bronx",FALSE,NA,69,0,0.58,NA
2024-06-06,"Brooklyn",FALSE,NA,69,0,0.58,NA
2024-06-06,"Brooklyn",TRUE,21524,69,0,0.58,NA
2024-06-06,"Manhattan",FALSE,NA,69,0,0.58,NA
2024-06-06,"Manhattan",TRUE,NA,69,0,0.58,NA
2024-06-06,"Queens",FALSE,NA,69,0,0.58,NA
2024-06-07,"Bronx",FALSE,NA,67,0,0,NA
2024-06-07,"Brooklyn",FALSE,NA,67,0,0,NA
2024-06-07,"Brooklyn",TRUE,22216,67,0,0,NA
2024-06-07,"Manhattan",FALSE,NA,67,0,0,NA
2024-06-07,"Manhattan",TRUE,NA,67,0,0,NA
2024-06-07,"Queens",FALSE,NA,67,0,0,NA
2024-06-08,"Bronx",FALSE,NA,65,0,0,NA
2024-06-08,"Brooklyn",FALSE,NA,65,0,0,NA
2024-06-08,"Brooklyn",TRUE,22145,65,0,0,NA
2024-06-08,"Manhattan",FALSE,NA,65,0,0,NA
2024-06-08,"Manhattan",TRUE,NA,65,0,0,NA
2024-06-08,"Queens",FALSE,NA,65,0,0,NA
2024-06-09,"Bronx",FALSE,NA,65,0,0,NA
2024-06-09,"Brooklyn",FALSE,NA,65,0,0,NA
2024-06-09,"Brooklyn",TRUE,16924,65,0,0,NA
2024-06-09,"Manhattan",FALSE,NA,65,0,0,NA
2024-06-09,"Manhattan",TRUE,NA,65,0,0,NA
2024-06-09,"Queens",FALSE,NA,65,0,0,NA
2024-06-10,"Bronx",FALSE,223122,63,0,0,NA
2024-06-10,"Brooklyn",FALSE,NA,63,0,0,NA
2024-06-10,"Brooklyn",TRUE,21386,63,0,0,NA
2024-06-10,"Manhattan",FALSE,NA,63,0,0,NA
2024-06-10,"Manhattan",TRUE,NA,63,0,0,NA
2024-06-10,"Queens",FALSE,NA,63,0,0,NA
2024-06-11,"Bronx",FALSE,227745,60,0,0,NA
2024-06-11,"Brooklyn",FALSE,NA,60,0,0,NA
2024-06-11,"Brooklyn",TRUE,NA,60,0,0,NA
2024-06-11,"Manhattan",FALSE,NA,60,0,0,NA
2024-06-11,"Manhattan",TRUE,NA,60,0,0,NA
2024-06-11,"Queens",FALSE,NA,60,0,0,NA
2024-06-12,"Bronx",FALSE,225459,62,0,0,NA
2024-06-12,"Brooklyn",FALSE,NA,62,0,0,NA
2024-06-12,"Brooklyn",TRUE,NA,62,0,0,NA
2024-06-12,"Manhattan",FALSE,NA,62,0,0,NA
2024-06-12,"Manhattan",TRUE,NA,62,0,0,NA
2024-06-12,"Queens",FALSE,NA,62,0,0,NA
2024-06-13,"Bronx",FALSE,226780,63,0,0,NA
2024-06-13,"Brooklyn",FALSE,NA,63,0,0,NA
2024-06-13,"Brooklyn",TRUE,NA,63,0,0,NA
2024-06-13,"Manhattan",FALSE,NA,63,0,0,NA
2024-06-13,"Manhattan",TRUE,NA,63,0,0,NA
2024-06-13,"Queens",FALSE,NA,63,0,0,NA
2024-06-14,"Bronx",FALSE,NA,66,0,0.85,NA
2024-06-14,"Brooklyn",FALSE,NA,66,0,0.85,NA
2024-06-14,"Brooklyn",TRUE,20284,66,0,0.85,NA
2024-06-14,"Manhattan",FALSE,NA,66,0,0.85,NA
2024-06-14,"Manhattan",TRUE,NA,66,0,0.85,NA
2024-06-14,"Queens",FALSE,NA,66,0,0.85,NA
2024-06-15,"Bronx",FALSE,133191,65,0,0,NA
2024-06-15,"Brooklyn",FALSE,NA,65,0,0,NA
2024-06-15,"Brooklyn",TRUE,21423,65,0,0,NA
2024-06-15,"Manhattan",FALSE,NA,65,0,0,NA
2024-06-15,"Manhattan",TRUE,NA,65,0,0,NA
2024-06-15,"Queens",FALSE,NA,65,0,0,NA
2024-06-16,"Bronx",FALSE,101392,63,0,0,NA
2024-06-16,"Brooklyn",FALSE,NA,63,0,0,NA
2024-06-16,"Brooklyn",TRUE,17961,63,0,0,NA
2024-06-16,"Manhattan",FALSE,NA,63,0,0,NA
2024-06-16,"Manhattan",TRUE,NA,63,0,0,NA
2024-06-16,"Queens",FALSE,NA,63,0,0,NA
2024-06-17,"Bronx",FALSE,203191,64,0,0,NA
2024-06-17,"Brooklyn",FALSE,NA,64,0,0,NA
2024-06-17,"Brooklyn",TRUE,20008,64,0,0,NA
2024-06-17,"Manhattan",FALSE,NA,64,0,0,NA
2024-06-17,"Manhattan",TRUE,NA,64,0,0,NA
2024-06-17,"Queens",FALSE,NA,64,0,0,NA
2024-06-18,"Bronx",FALSE,NA,69,0,0,NA
2024-06-18,"Brooklyn",FALSE,NA,69,0,0,NA
2024-06-18,"Brooklyn",TRUE,NA,69,0,0,NA
2024-06-18,"Manhattan",FALSE,NA,69,0,0,NA
2024-06-18,"Manhattan",TRUE,NA,69,0,0,NA
2024-06-18,"Queens",FALSE,NA,69,0,0,NA
2024-06-19,"Bronx",FALSE,NA,67,0,0,NA
2024-06-19,"Brooklyn",FALSE,NA,67,0,0,NA
2024-06-19,"Brooklyn",TRUE,20691,67,0,0,NA
2024-06-19,"Manhattan",FALSE,NA,67,0,0,NA
2024-06-19,"Manhattan",TRUE,NA,67,0,0,NA
2024-06-19,"Queens",FALSE,NA,67,0,0,NA
2024-06-20,"Bronx",FALSE,NA,68,0,0,NA
2024-06-20,"Brooklyn",FALSE,NA,68,0,0,NA
2024-06-20,"Brooklyn",TRUE,NA,68,0,0,NA
2024-06-20,"Manhattan",FALSE,NA,68,0,0,NA
2024-06-20,"Manhattan",TRUE,NA,68,0,0,NA
2024-06-20,"Queens",FALSE,NA,68,0,0,NA
2024-06-21,"Bronx",FALSE,NA,68,0,0,NA
2024-06-21,"Brooklyn",FALSE,NA,68,0,0,NA
2024-06-21,"Brooklyn",TRUE,20888,68,0,0,NA
2024-06-21,"Manhattan",FALSE,NA,68,0,0,NA
2024-06-21,"Manhattan",TRUE,NA,68,0,0,NA
2024-06-21,"Queens",FALSE,NA,68,0,0,NA
2024-06-22,"Bronx",FALSE,NA,72,0,0.04,NA
2024-06-22,"Brooklyn",FALSE,NA,72,0,0.04,NA
2024-06-22,"Brooklyn",TRUE,20084,72,0,0.04,NA
2024-06-22,"Manhattan",FALSE,NA,72,0,0.04,NA
2024-06-22,"Manhattan",TRUE,NA,72,0,0.04,NA
2024-06-22,"Queens",FALSE,NA,72,0,0.04,NA
2024-06-23,"Bronx",FALSE,NA,70,0,0,NA
2024-06-23,"Brooklyn",FALSE,NA,70,0,0,NA
2024-06-23,"Brooklyn",TRUE,15426,70,0,0,NA
2024-06-23,"Manhattan",FALSE,NA,70,0,0,NA
2024-06-23,"Manhattan",TRUE,NA,70,0,0,NA
2024-06-23,"Queens",FALSE,NA,70,0,0,NA
2024-06-24,"Bronx",FALSE,209680,69,0,0,NA
2024-06-24,"Brooklyn",FALSE,NA,69,0,0,NA
2024-06-24,"Brooklyn",TRUE,NA,69,0,0,NA
2024-06-24,"Manhattan",FALSE,NA,69,0,0,NA
2024-06-24,"Manhattan",TRUE,NA,69,0,0,NA
2024-06-24,"Queens",FALSE,NA,69,0,0,NA
2024-06-25,"Bronx",FALSE,218980,71,0,0,NA
2024-06-25,"Brooklyn",FALSE,NA,71,0,0,NA
2024-06-25,"Brooklyn",TRUE,NA,71,0,0,NA
2024-06-25,"Manhattan",FALSE,NA,71,0,0,NA
2024-06-25,"Manhattan",TRUE,NA,71,0,0,NA
2024-06-25,"Queens",FALSE,NA,71,0,0,NA
2024-06-26,"Bronx",FALSE,220586,68,0,0.26,NA
2024-06-26,"Brooklyn",FALSE,NA,68,0,0.26,NA
2024-06-26,"Brooklyn",TRUE,NA,68,0,0.26,NA
2024-06-26,"Manhattan",FALSE,NA,68,0,0.26,NA
2024-06-26,"Manhattan",TRUE,NA,68,0,0.26,NA
2024-06-26,"Queens",FALSE,NA,68,0,0.26,NA
2024-06-27,"Bronx",FALSE,217164,70,0,0.57,NA
2024-06-27,"Brooklyn",FALSE,NA,70,0,0.57,NA
2024-06-27,"Brooklyn",TRUE,NA,70,0,0.57,NA
2024-06-27,"Manhattan",FALSE,NA,70,0,0.57,NA
2024-06-27,"Manhattan",TRUE,NA,70,0,0.57,NA
2024-06-27,"Queens",FALSE,NA,70,0,0.57,NA
2024-06-28,"Bronx",FALSE,NA,63,0,0,NA
2024-06-28,"Brooklyn",FALSE,NA,63,0,0,NA
2024-06-28,"Brooklyn",TRUE,22440,63,0,0,NA
2024-06-28,"Manhattan",FALSE,NA,63,0,0,NA
2024-06-28,"Manhattan",TRUE,NA,63,0,0,NA
2024-06-28,"Queens",FALSE,NA,63,0,0,NA
2024-06-29,"Bronx",FALSE,126286,64,0,0.02,NA
2024-06-29,"Brooklyn",FALSE,NA,64,0,0.02,NA
2024-06-29,"Brooklyn",TRUE,20972,64,0,0.02,NA
2024-06-29,"Manhattan",FALSE,NA,64,0,0.02,NA
2024-06-29,"Manhattan",TRUE,NA,64,0,0.02,NA
2024-06-29,"Queens",FALSE,NA,64,0,0.02,NA
2024-06-30,"Bronx",FALSE,98414,70,0,0.57,NA
2024-06-30,"Brooklyn",FALSE,NA,70,0,0.57,NA
2024-06-30,"Brooklyn",TRUE,14434,70,0,0.57,NA
2024-06-30,"Manhattan",FALSE,NA,70,0,0.57,NA
2024-06-30,"Manhattan",TRUE,NA,70,0,0.57,NA
2024-06-30,"Queens",FALSE,NA,70,0,0.57,NA
2024-07-01,"Bronx",FALSE,212044,64,0,0,5.2
2024-07-01,"Brooklyn",FALSE,NA,64,0,0,5.2
2024-07-01,"Brooklyn",TRUE,20453,64,0,0,5.2
2024-07-01,"Manhattan",FALSE,NA,64,0,0,5.2
2024-07-01,"Manhattan",TRUE,NA,64,0,0,5.2
2024-07-01,"Queens",FALSE,NA,64,0,0,5.2
2024-07-02,"Bronx",FALSE,NA,65,0,0,NA
2024-07-02,"Brooklyn",FALSE,NA,65,0,0,NA
2024-07-02,"Brooklyn",TRUE,22531,65,0,0,NA
2024-07-02,"Manhattan",FALSE,NA,65,0,0,NA
2024-07-02,"Manhattan",TRUE,NA,65,0,0,NA
2024-07-02,"Queens",FALSE,NA,65,0,0,NA
2024-07-03,"Bronx",FALSE,NA,64,0,0,NA
2024-07-03,"Brooklyn",FALSE,NA,64,0,0,NA
2024-07-03,"Brooklyn",TRUE,21092,64,0,0,NA
2024-07-03,"Manhattan",FALSE,NA,64,0,0,NA
2024-07-03,"Manhattan",TRUE,NA,64,0,0,NA
2024-07-03,"Queens",FALSE,NA,64,0,0,NA
2024-07-04,"Bronx",FALSE,NA,68,0,0.07,NA
2024-07-04,"Brooklyn",FALSE,NA,68,0,0.07,NA
2024-07-04,"Brooklyn",TRUE,17606,68,0,0.07,NA
2024-07-04,"Manhattan",FALSE,NA,68,0,0.07,NA
2024-07-04,"Manhattan",TRUE,NA,68,0,0.07,NA
2024-07-04,"Queens",FALSE,NA,68,0,0.07,NA
2024-07-05,"Bronx",FALSE,NA,71,0,0.03,NA
2024-07-05,"Brooklyn",FALSE,NA,71,0,0.03,NA
2024-07-05,"Brooklyn",TRUE,17880,71,0,0.03,NA
2024-07-05,"Manhattan",FALSE,NA,71,0,0.03,NA
2024-07-05,"Manhattan",TRUE,NA,71,0,0.03,NA
2024-07-05,"Queens",FALSE,NA,71,0,0.03,NA
2024-07-06,"Bronx",FALSE,NA,70,0,0.01,NA
2024-07-06,"Brooklyn",FALSE,NA,70,0,0.01,NA
2024-07-06,"Brooklyn",TRUE,19239,70,0,0.01,NA
2024-07-06,"Manhattan",FALSE,NA,70,0,0.01,NA
2024-07-06,"Manhattan",TRUE,NA,70,0,0.01,NA
2024-07-06,"Queens",FALSE,NA,70,0,0.01,NA
2024-07-07,"Bronx",FALSE,NA,73,0,0,NA
2024-07-07,"Brooklyn",FALSE,NA,73,0,0,NA
2024-07-07,"Brooklyn",TRUE,16030,73,0,0,NA
2024-07-07,"Manhattan",FALSE,NA,73,0,0,NA
2024-07-07,"Manhattan",TRUE,NA,73,0,0,NA
2024-07-07,"Queens",FALSE,258605,73,0,0,NA
2024-07-08,"Bronx",FALSE,210659,72,0,0,NA
2024-07-08,"Brooklyn",FALSE,NA,72,0,0,NA
2024-07-08,"Brooklyn",TRUE,19929,72,0,0,NA
2024-07-08,"Manhattan",FALSE,NA,72,0,0,NA
2024-07-08,"Manhattan",TRUE,NA,72,0,0,NA
2024-07-08,"Queens",FALSE,NA,72,0,0,NA
2024-07-09,"Bronx",FALSE,216944,72,0,0,NA
2024-07-09,"Brooklyn",FALSE,NA,72,0,0,NA
2024-07-09,"Brooklyn",TRUE,NA,72,0,0,NA
2024-07-09,"Manhattan",FALSE,NA,72,0,0,NA
2024-07-09,"Manhattan",TRUE,NA,72,0,0,NA
2024-07-09,"Queens",FALSE,NA,72,0,0,NA
2024-07-10,"Bronx",FALSE,223098,74,0,0,NA
2024-07-10,"Brooklyn",FALSE,NA,74,0,0,NA
2024-07-10,"Brooklyn",TRUE,NA,74,0,0,NA
2024-07-10,"Manhattan",FALSE,NA,74,0,0,NA
2024-07-10,"Manhattan",TRUE,NA,74,0,0,NA
2024-07-10,"Queens",FALSE,NA,74,0,0,NA
2024-07-11,"Bronx",FALSE,222157,72,0,0.01,NA
2024-07-11,"Brooklyn",FALSE,NA,72,0,0.01,NA
2024-07-11,"Brooklyn",TRUE,NA,72,0,0.01,NA
2024-07-11,"Manhattan",FALSE,NA,72,0,0.01,NA
2024-07-11,"Manhattan",TRUE,NA,72,0,0.01,NA
2024-07-11,"Queens",FALSE,NA,72,0,0.01,NA
2024-07-12,"Bronx",FALSE,208510,72,0,0.13,NA
2024-07-12,"Brooklyn",FALSE,NA,72,0,0.13,NA
2024-07-12,"Brooklyn",TRUE,20163,72,0,0.13,NA
2024-07-12,"Manhattan",FALSE,NA,72,0,0.13,NA
2024-07-12,"Manhattan",TRUE,NA,72,0,0.13,NA
2024-07-12,"Queens",FALSE,NA,72,0,0.13,NA
2024-07-13,"Bronx",FALSE,111948,72,0,0.75,NA
2024-07-13,"Brooklyn",FALSE,NA,72,0,0.75,NA
2024-07-13,"Brooklyn",TRUE,19532,72,0,0.75,NA
2024-07-13,"Manhattan",FALSE,NA,72,0,0.75,NA
2024-07-13,"Manhattan",TRUE,NA,72,0,0.75,NA
2024-07-13,"Queens",FALSE,NA,72,0,0.75,NA
2024-07-14,"Bronx",FALSE,95462,75,0,0,NA
2024-07-14,"Brooklyn",FALSE,NA,75,0,0,NA
2024-07-14,"Brooklyn",TRUE,17844,75,0,0,NA
2024-07-14,"Manhattan",FALSE,NA,75,0,0,NA
2024-07-14,"Manhattan",TRUE,NA,75,0,0,NA
2024-07-14,"Queens",FALSE,NA,75,0,0,NA
2024-07-15,"Bronx",FALSE,206329,72,0,0.3,NA
2024-07-15,"Brooklyn",FALSE,NA,72,0,0.3,NA
2024-07-15,"Brooklyn",TRUE,20371,72,0,0.3,NA
2024-07-15,"Manhattan",FALSE,NA,72,0,0.3,NA
2024-07-15,"Manhattan",TRUE,NA,72,0,0.3,NA
2024-07-15,"Queens",FALSE,NA,72,0,0.3,NA
2024-07-16,"Bronx",FALSE,211453,78,0,0,NA
2024-07-16,"Brooklyn",FALSE,NA,78,0,0,NA
2024-07-16,"Brooklyn",TRUE,NA,78,0,0,NA
2024-07-16,"Manhattan",FALSE,NA,78,0,0,NA
2024-07-16,"Manhattan",TRUE,NA,78,0,0,NA
2024-07-16,"Queens",FALSE,NA,78,0,0,NA
2024-07-17,"Bronx",FALSE,216021,74,0,0.73,NA
2024-07-17,"Brooklyn",FALSE,NA,74,0,0.73,NA
2024-07-17,"Brooklyn",TRUE,21743,74,0,0.73,NA
2024-07-17,"Manhattan",FALSE,NA,74,0,0.73,NA
2024-07-17,"Manhattan",TRUE,NA,74,0,0.73,NA
2024-07-17,"Queens",FALSE,NA,74,0,0.73,NA
2024-07-18,"Bronx",FALSE,220098,72,0,0,NA
2024-07-18,"Brooklyn",FALSE,NA,72,0,0,NA
2024-07-18,"Brooklyn",TRUE,NA,72,0,0,NA
2024-07-18,"Manhattan",FALSE,NA,72,0,0,NA
2024-07-18,"Manhattan",TRUE,NA,72,0,0,NA
2024-07-18,"Queens",FALSE,NA,72,0,0,NA
2024-07-19,"Bronx",FALSE,NA,68,0,0,NA
2024-07-19,"Brooklyn",FALSE,NA,68,0,0,NA
2024-07-19,"Brooklyn",TRUE,21722,68,0,0,NA
2024-07-19,"Manhattan",FALSE,NA,68,0,0,NA
2024-07-19,"Manhattan",TRUE,NA,68,0,0,NA
2024-07-19,"Queens",FALSE,NA,68,0,0,NA
2024-07-20,"Bronx",FALSE,NA,68,0,0,NA
2024-07-20,"Brooklyn",FALSE,NA,68,0,0,NA
2024-07-20,"Brooklyn",TRUE,20592,68,0,0,NA
2024-07-20,"Manhattan",FALSE,NA,68,0,0,NA
2024-07-20,"Manhattan",TRUE,NA,68,0,0,NA
2024-07-20,"Queens",FALSE,NA,68,0,0,NA
2024-07-21,"Bronx",FALSE,NA,72,0,0,NA
2024-07-21,"Brooklyn",FALSE,NA,72,0,0,NA
2024-07-21,"Brooklyn",TRUE,17840,72,0,0,NA
2024-07-21,"Manhattan",FALSE,NA,72,0,0,NA
2024-07-21,"Manhattan",TRUE,NA,72,0,0,NA
2024-07-21,"Queens",FALSE,NA,72,0,0,NA
2024-07-22,"Bronx",FALSE,NA,72,0,0.05,NA
2024-07-22,"Brooklyn",FALSE,NA,72,0,0.05,NA
2024-07-22,"Brooklyn",TRUE,19711,72,0,0.05,NA
2024-07-22,"Manhattan",FALSE,NA,72,0,0.05,NA
2024-07-22,"Manhattan",TRUE,NA,72,0,0.05,NA
2024-07-22,"Queens",FALSE,NA,72,0,0.05,NA
2024-07-23,"Bronx",FALSE,NA,73,0,0.02,NA
2024-07-23,"Brooklyn",FALSE,NA,73,0,0.02,NA
2024-07-23,"Brooklyn",TRUE,NA,73,0,0.02,NA
2024-07-23,"Manhattan",FALSE,NA,73,0,0.02,NA
2024-07-23,"Manhattan",TRUE,NA,73,0,0.02,NA
2024-07-23,"Queens",FALSE,NA,73,0,0.02,NA
2024-07-24,"Bronx",FALSE,NA,75,0,0,NA
2024-07-24,"Brooklyn",FALSE,NA,75,0,0,NA
2024-07-24,"Brooklyn",TRUE,21938,75,0,0,NA
2024-07-24,"Manhattan",FALSE,NA,75,0,0,NA
2024-07-24,"Manhattan",TRUE,NA,75,0,0,NA
2024-07-24,"Queens",FALSE,NA,75,0,0,NA
2024-07-25,"Bronx",FALSE,218351,75,0,0,NA
2024-07-25,"Brooklyn",FALSE,NA,75,0,0,NA
2024-07-25,"Brooklyn",TRUE,NA,75,0,0,NA
2024-07-25,"Manhattan",FALSE,NA,75,0,0,NA
2024-07-25,"Manhattan",TRUE,NA,75,0,0,NA
2024-07-25,"Queens",FALSE,NA,75,0,0,NA
2024-07-26,"Bronx",FALSE,209887,68,0,0,NA
2024-07-26,"Brooklyn",FALSE,NA,68,0,0,NA
2024-07-26,"Brooklyn",TRUE,21827,68,0,0,NA
2024-07-26,"Manhattan",FALSE,NA,68,0,0,NA
2024-07-26,"Manhattan",TRUE,NA,68,0,0,NA
2024-07-26,"Queens",FALSE,NA,68,0,0,NA
2024-07-27,"Bronx",FALSE,NA,69,0,0,NA
2024-07-27,"Brooklyn",FALSE,NA,69,0,0,NA
2024-07-27,"Brooklyn",TRUE,21788,69,0,0,NA
2024-07-27,"Manhattan",FALSE,NA,69,0,0,NA
2024-07-27,"Manhattan",TRUE,NA,69,0,0,NA
2024-07-27,"Queens",FALSE,NA,69,0,0,NA
2024-07-28,"Bronx",FALSE,NA,71,0,0,NA
2024-07-28,"Brooklyn",FALSE,NA,71,0,0,NA
2024-07-28,"Brooklyn",TRUE,18067,71,0,0,NA
2024-07-28,"Manhattan",FALSE,NA,71,0,0,NA
2024-07-28,"Manhattan",TRUE,NA,71,0,0,NA
2024-07-28,"Queens",FALSE,NA,71,0,0,NA
2024-07-29,"Bronx",FALSE,203019,68,0,0.05,NA
2024-07-29,"Brooklyn",FALSE,NA,68,0,0.05,NA
2024-07-29,"Brooklyn",TRUE,19800,68,0,0.05,NA
2024-07-29,"Manhattan",FALSE,NA,68,0,0.05,NA
2024-07-29,"Manhattan",TRUE,NA,68,0,0.05,NA
2024-07-29,"Queens",FALSE,NA,68,0,0.05,NA
2024-07-30,"Bronx",FALSE,214697,72,0,0,NA
2024-07-30,"Brooklyn",FALSE,NA,72,0,0,NA
2024-07-30,"Brooklyn",TRUE,22687,72,0,0,NA
2024-07-30,"Manhattan",FALSE,NA,72,0,0,NA
2024-07-30,"Manhattan",TRUE,NA,72,0,0,NA
2024-07-30,"Queens",FALSE,NA,72,0,0,NA
2024-07-31,"Bronx",FALSE,213155,75,0,0,NA
2024-07-31,"Brooklyn",FALSE,NA,75,0,0,NA
2024-07-31,"Brooklyn",TRUE,21126,75,0,0,NA
2024-07-31,"Manhattan",FALSE,NA,75,0,0,NA
2024-07-31,"Manhattan",TRUE,NA,75,0,0,NA
2024-07-31,"Queens",FALSE,NA,75,0,0,NA
2024-08-01,"Bronx",FALSE,213750,75,0,0,5.1
2024-08-01,"Brooklyn",FALSE,NA,75,0,0,5.1
2024-08-01,"Brooklyn",TRUE,22393,75,0,0,5.1
2024-08-01,"Manhattan",FALSE,NA,75,0,0,5.1
2024-08-01,"Manhattan",TRUE,NA,75,0,0,5.1
2024-08-01,"Queens",FALSE,NA,75,0,0,5.1
2024-08-02,"Bronx",FALSE,NA,75,0,0.18,NA
2024-08-02,"Brooklyn",FALSE,NA,75,0,0.18,NA
2024-08-02,"Brooklyn",TRUE,18869,75,0,0.18,NA
2024-08-02,"Manhattan",FALSE,NA,75,0,0.18,NA
2024-08-02,"Manhattan",TRUE,NA,75,0,0.18,NA
2024-08-02,"Queens",FALSE,NA,75,0,0.18,NA
2024-08-03,"Bronx",FALSE,NA,74,0,1.28,NA
2024-08-03,"Brooklyn",FALSE,NA,74,0,1.28,NA
2024-08-03,"Brooklyn",TRUE,17862,74,0,1.28,NA
2024-08-03,"Manhattan",FALSE,NA,74,0,1.28,NA
2024-08-03,"Manhattan",TRUE,NA,74,0,1.28,NA
2024-08-03,"Queens",FALSE,NA,74,0,1.28,NA
2024-08-04,"Bronx",FALSE,NA,72,0,0.18,NA
2024-08-04,"Brooklyn",FALSE,NA,72,0,0.18,NA
2024-08-04,"Brooklyn",TRUE,15605,72,0,0.18,NA
2024-08-04,"Manhattan",FALSE,NA,72,0,0.18,NA
2024-08-04,"Manhattan",TRUE,NA,72,0,0.18,NA
2024-08-04,"Queens",FALSE,NA,72,0,0.18,NA
2024-08-05,"Bronx",FALSE,200814,72,0,0,NA
2024-08-05,"Brooklyn",FALSE,NA,72,0,0,NA
2024-08-05,"Brooklyn",TRUE,21877,72,0,0,NA
2024-08-05,"Manhattan",FALSE,NA,72,0,0,NA
2024-08-05,"Manhattan",TRUE,NA,72,0,0,NA
2024-08-05,"Queens",FALSE,NA,72,0,0,NA
2024-08-06,"Bronx",FALSE,204388,72,0,0.83,NA
2024-08-06,"Brooklyn",FALSE,NA,72,0,0.83,NA
2024-08-06,"Brooklyn",TRUE,NA,72,0,0.83,NA
2024-08-06,"Manhattan",FALSE,NA,72,0,0.83,NA
2024-08-06,"Manhattan",TRUE,NA,72,0,0.83,NA
2024-08-06,"Queens",FALSE,NA,72,0,0.83,NA
2024-08-07,"Bronx",FALSE,NA,66,0,0.06,NA
2024-08-07,"Brooklyn",FALSE,NA,66,0,0.06,NA
2024-08-07,"Brooklyn",TRUE,20036,66,0,0.06,NA
2024-08-07,"Manhattan",FALSE,NA,66,0,0.06,NA
2024-08-07,"Manhattan",TRUE,NA,66,0,0.06,NA
2024-08-07,"Queens",FALSE,NA,66,0,0.06,NA
2024-08-08,"Bronx",FALSE,NA,66,0,0.28,NA
2024-08-08,"Brooklyn",FALSE,NA,66,0,0.28,NA
2024-08-08,"Brooklyn",TRUE,19623,66,0,0.28,NA
2024-08-08,"Manhattan",FALSE,NA,66,0,0.28,NA
2024-08-08,"Manhattan",TRUE,NA,66,0,0.28,NA
2024-08-08,"Queens",FALSE,NA,66,0,0.28,NA
2024-08-09,"Bronx",FALSE,198077,73,0,0.26,NA
2024-08-09,"Brooklyn",FALSE,NA,73,0,0.26,NA
2024-08-09,"Brooklyn",TRUE,17265,73,0,0.26,NA
2024-08-09,"Manhattan",FALSE,NA,73,0,0.26,NA
2024-08-09,"Manhattan",TRUE,NA,73,0,0.26,NA
2024-08-09,"Queens",FALSE,NA,73,0,0.26,NA
2024-08-10,"Bronx",FALSE,NA,74,0,0,NA
2024-08-10,"Brooklyn",FALSE,NA,74,0,0,NA
2024-08-10,"Brooklyn",TRUE,23067,74,0,0,NA
2024-08-10,"Manhattan",FALSE,NA,74,0,0,NA
2024-08-10,"Manhattan",TRUE,NA,74,0,0,NA
2024-08-10,"Queens",FALSE,NA,74,0,0,NA
2024-08-11,"Bronx",FALSE,NA,73,0,0,NA
2024-08-11,"Brooklyn",FALSE,NA,73,0,0,NA
2024-08-11,"Brooklyn",TRUE,18650,73,0,0,NA
2024-08-11,"Manhattan",FALSE,NA,73,0,0,NA
2024-08-11,"Manhattan",TRUE,NA,73,0,0,NA
2024-08-11,"Queens",FALSE,NA,73,0,0,NA
2024-08-12,"Bronx",FALSE,203373,64,0,0.01,NA
2024-08-12,"Brooklyn",FALSE,NA,64,0,0.01,NA
2024-08-12,"Brooklyn",TRUE,19941,64,0,0.01,NA
2024-08-12,"Manhattan",FALSE,NA,64,0,0.01,NA
2024-08-12,"Manhattan",TRUE,NA,64,0,0.01,NA
2024-08-12,"Queens",FALSE,NA,64,0,0.01,NA
2024-08-13,"Bronx",FALSE,211758,65,0,0,NA
2024-08-13,"Brooklyn",FALSE,NA,65,0,0,NA
2024-08-13,"Brooklyn",TRUE,NA,65,0,0,NA
2024-08-13,"Manhattan",FALSE,NA,65,0,0,NA
2024-08-13,"Manhattan",TRUE,NA,65,0,0,NA
2024-08-13,"Queens",FALSE,NA,65,0,0,NA
2024-08-14,"Bronx",FALSE,213677,68,0,0,NA
2024-08-14,"Brooklyn",FALSE,NA,68,0,0,NA
2024-08-14,"Brooklyn",TRUE,22438,68,0,0,NA
2024-08-14,"Manhattan",FALSE,NA,68,0,0,NA
2024-08-14,"Manhattan",TRUE,NA,68,0,0,NA
2024-08-14,"Queens",FALSE,NA,68,0,0,NA
2024-08-15,"Bronx",FALSE,213493,69,0,0,NA
2024-08-15,"Brooklyn",FALSE,NA,69,0,0,NA
2024-08-15,"Brooklyn",TRUE,23066,69,0,0,NA
2024-08-15,"Manhattan",FALSE,NA,69,0,0,NA
2024-08-15,"Manhattan",TRUE,NA,69,0,0,NA
2024-08-15,"Queens",FALSE,NA,69,0,0,NA
2024-08-16,"Bronx",FALSE,205019,72,0,0,NA
2024-08-16,"Brooklyn",FALSE,NA,72,0,0,NA
2024-08-16,"Brooklyn",TRUE,20547,72,0,0,NA
2024-08-16,"Manhattan",FALSE,NA,72,0,0,NA
2024-08-16,"Manhattan",TRUE,NA,72,0,0,NA
2024-08-16,"Queens",FALSE,NA,72,0,0,NA
2024-08-17,"Bronx",FALSE,119754,70,0,0.05,NA
2024-08-17,"Brooklyn",FALSE,NA,70,0,0.05,NA
2024-08-17,"Brooklyn",TRUE,19105,70,0,0.05,NA
2024-08-17,"Manhattan",FALSE,NA,70,0,0.05,NA
2024-08-17,"Manhattan",TRUE,NA,70,0,0.05,NA
2024-08-17,"Queens",FALSE,NA,70,0,0.05,NA
2024-08-18,"Bronx",FALSE,88775,71,0,0.61,NA
2024-08-18,"Brooklyn",FALSE,NA,71,0,0.61,NA
2024-08-18,"Brooklyn",TRUE,14869,71,0,0.61,NA
2024-08-18,"Manhattan",FALSE,NA,71,0,0.61,NA
2024-08-18,"Manhattan",TRUE,NA,71,0,0.61,NA
2024-08-18,"Queens",FALSE,NA,71,0,0.61,NA
2024-08-19,"Bronx",FALSE,195833,70,0,0.31,NA
2024-08-19,"Brooklyn",FALSE,NA,70,0,0.31,NA
2024-08-19,"Brooklyn",TRUE,18550,70,0,0.31,NA
2024-08-19,"Manhattan",FALSE,NA,70,0,0.31,NA
2024-08-19,"Manhattan",TRUE,NA,70,0,0.31,NA
2024-08-19,"Queens",FALSE,NA,70,0,0.31,NA
2024-08-20,"Bronx",FALSE,NA,63,0,0,NA
2024-08-20,"Brooklyn",FALSE,NA,63,0,0,NA
2024-08-20,"Brooklyn",TRUE,NA,63,0,0,NA
2024-08-20,"Manhattan",FALSE,NA,63,0,0,NA
2024-08-20,"Manhattan",TRUE,NA,63,0,0,NA
2024-08-20,"Queens",FALSE,NA,63,0,0,NA
2024-08-21,"Bronx",FALSE,NA,58,0,0,NA
2024-08-21,"Brooklyn",FALSE,NA,58,0,0,NA
2024-08-21,"Brooklyn",TRUE,NA,58,0,0,NA
2024-08-21,"Manhattan",FALSE,NA,58,0,0,NA
2024-08-21,"Manhattan",TRUE,NA,58,0,0,NA
2024-08-21,"Queens",FALSE,NA,58,0,0,NA
2024-08-22,"Bronx",FALSE,NA,61,0,0,NA
2024-08-22,"Brooklyn",FALSE,NA,61,0,0,NA
2024-08-22,"Brooklyn",TRUE,21856,61,0,0,NA
2024-08-22,"Manhattan",FALSE,NA,61,0,0,NA
2024-08-22,"Manhattan",TRUE,NA,61,0,0,NA
2024-08-22,"Queens",FALSE,NA,61,0,0,NA
2024-08-23,"Bronx",FALSE,NA,60,0,0,NA
2024-08-23,"Brooklyn",FALSE,NA,60,0,0,NA
2024-08-23,"Brooklyn",TRUE,20337,60,0,0,NA
2024-08-23,"Manhattan",FALSE,NA,60,0,0,NA
2024-08-23,"Manhattan",TRUE,NA,60,0,0,NA
2024-08-23,"Queens",FALSE,NA,60,0,0,NA
2024-08-24,"Bronx",FALSE,NA,64,0,0,NA
2024-08-24,"Brooklyn",FALSE,NA,64,0,0,NA
2024-08-24,"Brooklyn",TRUE,21867,64,0,0,NA
2024-08-24,"Manhattan",FALSE,NA,64,0,0,NA
2024-08-24,"Manhattan",TRUE,NA,64,0,0,NA
2024-08-24,"Queens",FALSE,NA,64,0,0,NA
2024-08-25,"Bronx",FALSE,NA,67,0,0,NA
2024-08-25,"Brooklyn",FALSE,NA,67,0,0,NA
2024-08-25,"Brooklyn",TRUE,16921,67,0,0,NA
2024-08-25,"Manhattan",FALSE,NA,67,0,0,NA
2024-08-25,"Manhattan",TRUE,NA,67,0,0,NA
2024-08-25,"Queens",FALSE,NA,67,0,0,NA
2024-08-26,"Bronx",FALSE,200035,66,0,0.03,NA
2024-08-26,"Brooklyn",FALSE,NA,66,0,0.03,NA
2024-08-26,"Brooklyn",TRUE,18857,66,0,0.03,NA
2024-08-26,"Manhattan",FALSE,NA,66,0,0.03,NA
2024-08-26,"Manhattan",TRUE,NA,66,0,0.03,NA
2024-08-26,"Queens",FALSE,NA,66,0,0.03,NA
2024-08-27,"Bronx",FALSE,208098,67,0,0,NA
2024-08-27,"Brooklyn",FALSE,NA,67,0,0,NA
2024-08-27,"Brooklyn",TRUE,NA,67,0,0,NA
2024-08-27,"Manhattan",FALSE,NA,67,0,0,NA
2024-08-27,"Manhattan",TRUE,NA,67,0,0,NA
2024-08-27,"Queens",FALSE,NA,67,0,0,NA
2024-08-28,"Bronx",FALSE,217512,72,0,0,NA
2024-08-28,"Brooklyn",FALSE,NA,72,0,0,NA
2024-08-28,"Brooklyn",TRUE,20668,72,0,0,NA
2024-08-28,"Manhattan",FALSE,NA,72,0,0,NA
2024-08-28,"Manhattan",TRUE,NA,72,0,0,NA
2024-08-28,"Queens",FALSE,NA,72,0,0,NA
2024-08-29,"Bronx",FALSE,220048,70,0,0,NA
2024-08-29,"Brooklyn",FALSE,NA,70,0,0,NA
2024-08-29,"Brooklyn",TRUE,20886,70,0,0,NA
2024-08-29,"Manhattan",FALSE,NA,70,0,0,NA
2024-08-29,"Manhattan",TRUE,NA,70,0,0,NA
2024-08-29,"Queens",FALSE,NA,70,0,0,NA
2024-08-30,"Bronx",FALSE,NA,62,0,0.28,NA
2024-08-30,"Brooklyn",FALSE,NA,62,0,0.28,NA
2024-08-30,"Brooklyn",TRUE,18852,62,0,0.28,NA
2024-08-30,"Manhattan",FALSE,NA,62,0,0.28,NA
2024-08-30,"Manhattan",TRUE,NA,62,0,0.28,NA
2024-08-30,"Queens",FALSE,NA,62,0,0.28,NA
2024-08-31,"Bronx",FALSE,NA,69,0,0,NA
2024-08-31,"Brooklyn",FALSE,NA,69,0,0,NA
2024-08-31,"Brooklyn",TRUE,17702,69,0,0,NA
2024-08-31,"Manhattan",FALSE,NA,69,0,0,NA
2024-08-31,"Manhattan",TRUE,NA,69,0,0,NA
2024-08-31,"Queens",FALSE,NA,69,0,0,NA
2024-09-01,"Bronx",FALSE,NA,73,0,0,4.3
2024-09-01,"Brooklyn",FALSE,NA,73,0,0,4.3
2024-09-01,"Brooklyn",TRUE,16049,73,0,0,4.3
2024-09-01,"Manhattan",FALSE,NA,73,0,0,4.3
2024-09-01,"Manhattan",TRUE,NA,73,0,0,4.3
2024-09-01,"Queens",FALSE,NA,73,0,0,4.3
2024-09-02,"Bronx",FALSE,118704,64,0,0,NA
2024-09-02,"Brooklyn",FALSE,NA,64,0,0,NA
2024-09-02,"Brooklyn",TRUE,14899,64,0,0,NA
2024-09-02,"Manhattan",FALSE,NA,64,0,0,NA
2024-09-02,"Manhattan",TRUE,NA,64,0,0,NA
2024-09-02,"Queens",FALSE,NA,64,0,0,NA
2024-09-03,"Bronx",FALSE,233270,57,0,0,NA
2024-09-03,"Brooklyn",FALSE,NA,57,0,0,NA
2024-09-03,"Brooklyn",TRUE,20532,57,0,0,NA
2024-09-03,"Manhattan",FALSE,NA,57,0,0,NA
2024-09-03,"Manhattan",TRUE,NA,57,0,0,NA
2024-09-03,"Queens",FALSE,NA,57,0,0,NA
2024-09-04,"Bronx",FALSE,243048,57,0,0,NA
2024-09-04,"Brooklyn",FALSE,NA,57,0,0,NA
2024-09-04,"Brooklyn",TRUE,NA,57,0,0,NA
2024-09-04,"Manhattan",FALSE,NA,57,0,0,NA
2024-09-04,"Manhattan",TRUE,NA,57,0,0,NA
2024-09-04,"Queens",FALSE,NA,57,0,0,NA
2024-09-05,"Bronx",FALSE,256196,57,0,0,NA
2024-09-05,"Brooklyn",FALSE,NA,57,0,0,NA
2024-09-05,"Brooklyn",TRUE,NA,57,0,0,NA
2024-09-05,"Manhattan",FALSE,NA,57,0,0,NA
2024-09-05,"Manhattan",TRUE,NA,57,0,0,NA
2024-09-05,"Queens",FALSE,NA,57,0,0,NA
2024-09-06,"Bronx",FALSE,258685,63,0,0,NA
2024-09-06,"Brooklyn",FALSE,NA,63,0,0,NA
2024-09-06,"Brooklyn",TRUE,21256,63,0,0,NA
2024-09-06,"Manhattan",FALSE,NA,63,0,0,NA
2024-09-06,"Manhattan",TRUE,NA,63,0,0,NA
2024-09-06,"Queens",FALSE,NA,63,0,0,NA
2024-09-07,"Bronx",FALSE,131893,60,0,0.18,NA
2024-09-07,"Brooklyn",FALSE,NA,60,0,0.18,NA
2024-09-07,"Brooklyn",TRUE,15864,60,0,0.18,NA
2024-09-07,"Manhattan",FALSE,NA,60,0,0.18,NA
2024-09-07,"Manhattan",TRUE,NA,60,0,0.18,NA
2024-09-07,"Queens",FALSE,NA,60,0,0.18,NA
2024-09-08,"Bronx",FALSE,108743,56,0,0,NA
2024-09-08,"Brooklyn",FALSE,NA,56,0,0,NA
2024-09-08,"Brooklyn",TRUE,18439,56,0,0,NA
2024-09-08,"Manhattan",FALSE,NA,56,0,0,NA
2024-09-08,"Manhattan",TRUE,NA,56,0,0,NA
2024-09-08,"Queens",FALSE,NA,56,0,0,NA
2024-09-09,"Bronx",FALSE,NA,57,0,0,NA
2024-09-09,"Brooklyn",FALSE,NA,57,0,0,NA
2024-09-09,"Brooklyn",TRUE,20832,57,0,0,NA
2024-09-09,"Manhattan",FALSE,NA,57,0,0,NA
2024-09-09,"Manhattan",TRUE,NA,57,0,0,NA
2024-09-09,"Queens",FALSE,NA,57,0,0,NA
2024-09-10,"Bronx",FALSE,NA,63,0,0,NA
2024-09-10,"Brooklyn",FALSE,NA,63,0,0,NA
2024-09-10,"Brooklyn",TRUE,NA,63,0,0,NA
2024-09-10,"Manhattan",FALSE,NA,63,0,0,NA
2024-09-10,"Manhattan",TRUE,NA,63,0,0,NA
2024-09-10,"Queens",FALSE,NA,63,0,0,NA
2024-09-11,"Bronx",FALSE,NA,60,0,0,NA
2024-09-11,"Brooklyn",FALSE,NA,60,0,0,NA
2024-09-11,"Brooklyn",TRUE,NA,60,0,0,NA
2024-09-11,"Manhattan",FALSE,NA,60,0,0,NA
2024-09-11,"Manhattan",TRUE,NA,60,0,0,NA
2024-09-11,"Queens",FALSE,NA,60,0,0,NA
2024-09-12,"Bronx",FALSE,NA,59,0,0,NA
2024-09-12,"Brooklyn",FALSE,NA,59,0,0,NA
2024-09-12,"Brooklyn",TRUE,NA,59,0,0,NA
2024-09-12,"Manhattan",FALSE,NA,59,0,0,NA
2024-09-12,"Manhattan",TRUE,NA,59,0,0,NA
2024-09-12,"Queens",FALSE,NA,59,0,0,NA
2024-09-13,"Bronx",FALSE,NA,60,0,0,NA
2024-09-13,"Brooklyn",FALSE,NA,60,0,0,NA
2024-09-13,"Brooklyn",TRUE,22195,60,0,0,NA
2024-09-13,"Manhattan",FALSE,NA,60,0,0,NA
2024-09-13,"Manhattan",TRUE,NA,60,0,0,NA
2024-09-13,"Queens",FALSE,NA,60,0,0,NA
2024-09-14,"Bronx",FALSE,NA,63,0,0,NA
2024-09-14,"Brooklyn",FALSE,NA,63,0,0,NA
2024-09-14,"Brooklyn",TRUE,22171,63,0,0,NA
2024-09-14,"Manhattan",FALSE,NA,63,0,0,NA
2024-09-14,"Manhattan",TRUE,NA,63,0,0,NA
2024-09-14,"Queens",FALSE,NA,63,0,0,NA
2024-09-15,"Bronx",FALSE,NA,60,0,0,NA
2024-09-15,"Brooklyn",FALSE,NA,60,0,0,NA
2024-09-15,"Brooklyn",TRUE,18059,60,0,0,NA
2024-09-15,"Manhattan",FALSE,NA,60,0,0,NA
2024-09-15,"Manhattan",TRUE,NA,60,0,0,NA
2024-09-15,"Queens",FALSE,NA,60,0,0,NA
2024-09-16,"Bronx",FALSE,271704,58,0,0,NA
2024-09-16,"Brooklyn",FALSE,NA,58,0,0,NA
2024-09-16,"Brooklyn",TRUE,20929,58,0,0,NA
2024-09-16,"Manhattan",FALSE,NA,58,0,0,NA
2024-09-16,"Manhattan",TRUE,NA,58,0,0,NA
2024-09-16,"Queens",FALSE,NA,58,0,0,NA
2024-09-17,"Bronx",FALSE,283868,65,0,0,NA
2024-09-17,"Brooklyn",FALSE,NA,65,0,0,NA
2024-09-17,"Brooklyn",TRUE,NA,65,0,0,NA
2024-09-17,"Manhattan",FALSE,NA,65,0,0,NA
2024-09-17,"Manhattan",TRUE,NA,65,0,0,NA
2024-09-17,"Queens",FALSE,NA,65,0,0,NA
2024-09-18,"Bronx",FALSE,NA,67,0,0,NA
2024-09-18,"Brooklyn",FALSE,NA,67,0,0,NA
2024-09-18,"Brooklyn",TRUE,22483,67,0,0,NA
2024-09-18,"Manhattan",FALSE,NA,67,0,0,NA
2024-09-18,"Manhattan",TRUE,NA,67,0,0,NA
2024-09-18,"Queens",FALSE,NA,67,0,0,NA
2024-09-19,"Bronx",FALSE,288181,69,0,0,NA
2024-09-19,"Brooklyn",FALSE,NA,69,0,0,NA
2024-09-19,"Brooklyn",TRUE,NA,69,0,0,NA
2024-09-19,"Manhattan",FALSE,NA,69,0,0,NA
2024-09-19,"Manhattan",TRUE,NA,69,0,0,NA
2024-09-19,"Queens",FALSE,NA,69,0,0,NA
2024-09-20,"Bronx",FALSE,278137,67,0,0,NA
2024-09-20,"Brooklyn",FALSE,NA,67,0,0,NA
2024-09-20,"Brooklyn",TRUE,22307,67,0,0,NA
2024-09-20,"Manhattan",FALSE,NA,67,0,0,NA
2024-09-20,"Manhattan",TRUE,NA,67,0,0,NA
2024-09-20,"Queens",FALSE,NA,67,0,0,NA
2024-09-21,"Bronx",FALSE,NA,64,0,0,NA
2024-09-21,"Brooklyn",FALSE,NA,64,0,0,NA
2024-09-21,"Brooklyn",TRUE,22194,64,0,0,NA
2024-09-21,"Manhattan",FALSE,NA,64,0,0,NA
2024-09-21,"Manhattan",TRUE,NA,64,0,0,NA
2024-09-21,"Queens",FALSE,NA,64,0,0,NA
2024-09-22,"Bronx",FALSE,NA,62,0,0,NA
2024-09-22,"Brooklyn",FALSE,NA,62,0,0,NA
2024-09-22,"Brooklyn",TRUE,17752,62,0,0,NA
2024-09-22,"Manhattan",FALSE,NA,62,0,0,NA
2024-09-22,"Manhattan",TRUE,NA,62,0,0,NA
2024-09-22,"Queens",FALSE,NA,62,0,0,NA
2024-09-23,"Bronx",FALSE,273805,60,0,0.02,NA
2024-09-23,"Brooklyn",FALSE,NA,60,0,0.02,NA
2024-09-23,"Brooklyn",TRUE,20770,60,0,0.02,NA
2024-09-23,"Manhattan",FALSE,NA,60,0,0.02,NA
2024-09-23,"Manhattan",TRUE,NA,60,0,0.02,NA
2024-09-23,"Queens",FALSE,NA,60,0,0.02,NA
2024-09-24,"Bronx",FALSE,NA,60,0,0,NA
2024-09-24,"Brooklyn",FALSE,NA,60,0,0,NA
2024-09-24,"Brooklyn",TRUE,NA,60,0,0,NA
2024-09-24,"Manhattan",FALSE,NA,60,0,0,NA
2024-09-24,"Manhattan",TRUE,NA,60,0,0,NA
2024-09-24,"Queens",FALSE,NA,60,0,0,NA
2024-09-25,"Bronx",FALSE,NA,62,0,0.01,NA
2024-09-25,"Brooklyn",FALSE,NA,62,0,0.01,NA
2024-09-25,"Brooklyn",TRUE,NA,62,0,0.01,NA
2024-09-25,"Manhattan",FALSE,NA,62,0,0.01,NA
2024-09-25,"Manhattan",TRUE,NA,62,0,0.01,NA
2024-09-25,"Queens",FALSE,NA,62,0,0.01,NA
2024-09-26,"Bronx",FALSE,NA,66,0,0.05,NA
2024-09-26,"Brooklyn",FALSE,NA,66,0,0.05,NA
2024-09-26,"Brooklyn",TRUE,NA,66,0,0.05,NA
2024-09-26,"Manhattan",FALSE,NA,66,0,0.05,NA
2024-09-26,"Manhattan",TRUE,NA,66,0,0.05,NA
2024-09-26,"Queens",FALSE,NA,66,0,0.05,NA
2024-09-27,"Bronx",FALSE,NA,66,0,0.03,NA
2024-09-27,"Brooklyn",FALSE,NA,66,0,0.03,NA
2024-09-27,"Brooklyn",TRUE,22483,66,0,0.03,NA
2024-09-27,"Manhattan",FALSE,NA,66,0,0.03,NA
2024-09-27,"Manhattan",TRUE,NA,66,0,0.03,NA
2024-09-27,"Queens",FALSE,NA,66,0,0.03,NA
2024-09-28,"Bronx",FALSE,NA,62,0,0.18,NA
2024-09-28,"Brooklyn",FALSE,NA,62,0,0.18,NA
2024-09-28,"Brooklyn",TRUE,17539,62,0,0.18,NA
2024-09-28,"Manhattan",FALSE,NA,62,0,0.18,NA
2024-09-28,"Manhattan",TRUE,NA,62,0,0.18,NA
2024-09-28,"Queens",FALSE,NA,62,0,0.18,NA
2024-09-29,"Bronx",FALSE,NA,61,0,0.51,NA
2024-09-29,"Brooklyn",FALSE,NA,61,0,0.51,NA
2024-09-29,"Brooklyn",TRUE,14443,61,0,0.51,NA
2024-09-29,"Manhattan",FALSE,NA,61,0,0.51,NA
2024-09-29,"Manhattan",TRUE,NA,61,0,0.51,NA
2024-09-29,"Queens",FALSE,263522,61,0,0.51,NA
2024-09-30,"Bronx",FALSE,272979,61,0,0,NA
2024-09-30,"Brooklyn",FALSE,NA,61,0,0,NA
2024-09-30,"Brooklyn",TRUE,22061,61,0,0,NA
2024-09-30,"Manhattan",FALSE,NA,61,0,0,NA
2024-09-30,"Manhattan",TRUE,NA,61,0,0,NA
2024-09-30,"Queens",FALSE,NA,61,0,0,NA
2024-10-01,"Bronx",FALSE,282696,59,0,0,4.5
2024-10-01,"Brooklyn",FALSE,NA,59,0,0,4.5
2024-10-01,"Brooklyn",TRUE,NA,59,0,0,4.5
2024-10-01,"Manhattan",FALSE,NA,59,0,0,4.5
2024-10-01,"Manhattan",TRUE,NA,59,0,0,4.5
2024-10-01,"Queens",FALSE,NA,59,0,0,4.5
2024-10-02,"Bronx",FALSE,276595,56,0,0,NA
2024-10-02,"Brooklyn",FALSE,NA,56,0,0,NA
2024-10-02,"Brooklyn",TRUE,NA,56,0,0,NA
2024-10-02,"Manhattan",FALSE,NA,56,0,0,NA
2024-10-02,"Manhattan",TRUE,NA,56,0,0,NA
2024-10-02,"Queens",FALSE,NA,56,0,0,NA
2024-10-03,"Bronx",FALSE,239576,61,0,0,NA
2024-10-03,"Brooklyn",FALSE,NA,61,0,0,NA
2024-10-03,"Brooklyn",TRUE,NA,61,0,0,NA
2024-10-03,"Manhattan",FALSE,NA,61,0,0,NA
2024-10-03,"Manhattan",TRUE,NA,61,0,0,NA
2024-10-03,"Queens",FALSE,NA,61,0,0,NA
2024-10-04,"Bronx",FALSE,239669,57,0,0,NA
2024-10-04,"Brooklyn",FALSE,NA,57,0,0,NA
2024-10-04,"Brooklyn",TRUE,21583,57,0,0,NA
2024-10-04,"Manhattan",FALSE,NA,57,0,0,NA
2024-10-04,"Manhattan",TRUE,NA,57,0,0,NA
2024-10-04,"Queens",FALSE,NA,57,0,0,NA
2024-10-05,"Bronx",FALSE,NA,60,0,0,NA
2024-10-05,"Brooklyn",FALSE,NA,60,0,0,NA
2024-10-05,"Brooklyn",TRUE,23211,60,0,0,NA
2024-10-05,"Manhattan",FALSE,NA,60,0,0,NA
2024-10-05,"Manhattan",TRUE,NA,60,0,0,NA
2024-10-05,"Queens",FALSE,NA,60,0,0,NA
2024-10-06,"Bronx",FALSE,116428,55,0,0,NA
2024-10-06,"Brooklyn",FALSE,NA,55,0,0,NA
2024-10-06,"Brooklyn",TRUE,18264,55,0,0,NA
2024-10-06,"Manhattan",FALSE,NA,55,0,0,NA
2024-10-06,"Manhattan",TRUE,NA,55,0,0,NA
2024-10-06,"Queens",FALSE,NA,55,0,0,NA
2024-10-07,"Bronx",FALSE,NA,59,0,0,NA
2024-10-07,"Brooklyn",FALSE,NA,59,0,0,NA
2024-10-07,"Brooklyn",TRUE,20446,59,0,0,NA
2024-10-07,"Manhattan",FALSE,NA,59,0,0,NA
2024-10-07,"Manhattan",TRUE,NA,59,0,0,NA
2024-10-07,"Queens",FALSE,NA,59,0,0,NA
2024-10-08,"Bronx",FALSE,290663,55,0,0,NA
2024-10-08,"Brooklyn",FALSE,NA,55,0,0,NA
2024-10-08,"Brooklyn",TRUE,NA,55,0,0,NA
2024-10-08,"Manhattan",FALSE,NA,55,0,0,NA
2024-10-08,"Manhattan",TRUE,NA,55,0,0,NA
2024-10-08,"Queens",FALSE,NA,55,0,0,NA
2024-10-09,"Bronx",FALSE,292910,54,0,0,NA
2024-10-09,"Brooklyn",FALSE,NA,54,0,0,NA
2024-10-09,"Brooklyn",TRUE,NA,54,0,0,NA
2024-10-09,"Manhattan",FALSE,NA,54,0,0,NA
2024-10-09,"Manhattan",TRUE,NA,54,0,0,NA
2024-10-09,"Queens",FALSE,NA,54,0,0,NA
2024-10-10,"Bronx",FALSE,290189,45,0,0,NA
2024-10-10,"Brooklyn",FALSE,NA,45,0,0,NA
2024-10-10,"Brooklyn",TRUE,NA,45,0,0,NA
2024-10-10,"Manhattan",FALSE,NA,45,0,0,NA
2024-10-10,"Manhattan",TRUE,NA,45,0,0,NA
2024-10-10,"Queens",FALSE,NA,45,0,0,NA
2024-10-11,"Bronx",FALSE,275072,42,0,0,NA
2024-10-11,"Brooklyn",FALSE,NA,42,0,0,NA
2024-10-11,"Brooklyn",TRUE,22737,42,0,0,NA
2024-10-11,"Manhattan",FALSE,NA,42,0,0,NA
2024-10-11,"Manhattan",TRUE,NA,42,0,0,NA
2024-10-11,"Queens",FALSE,NA,42,0,0,NA
2024-10-12,"Bronx",FALSE,151868,52,0,0,NA
2024-10-12,"Brooklyn",FALSE,NA,52,0,0,NA
2024-10-12,"Brooklyn",TRUE,23484,52,0,0,NA
2024-10-12,"Manhattan",FALSE,NA,52,0,0,NA
2024-10-12,"Manhattan",TRUE,NA,52,0,0,NA
2024-10-12,"Queens",FALSE,NA,52,0,0,NA
2024-10-13,"Bronx",FALSE,120759,53,0,0,NA
2024-10-13,"Brooklyn",FALSE,NA,53,0,0,NA
2024-10-13,"Brooklyn",TRUE,20195,53,0,0,NA
2024-10-13,"Manhattan",FALSE,NA,53,0,0,NA
2024-10-13,"Manhattan",TRUE,NA,53,0,0,NA
2024-10-13,"Queens",FALSE,NA,53,0,0,NA
2024-10-14,"Bronx",FALSE,NA,49,0,0,NA
2024-10-14,"Brooklyn",FALSE,NA,49,0,0,NA
2024-10-14,"Brooklyn",TRUE,18997,49,0,0,NA
2024-10-14,"Manhattan",FALSE,NA,49,0,0,NA
2024-10-14,"Manhattan",TRUE,NA,49,0,0,NA
2024-10-14,"Queens",FALSE,NA,49,0,0,NA
2024-10-15,"Bronx",FALSE,NA,46,0,0,NA
2024-10-15,"Brooklyn",FALSE,NA,46,0,0,NA
2024-10-15,"Brooklyn",TRUE,NA,46,0,0,NA
2024-10-15,"Manhattan",FALSE,NA,46,0,0,NA
2024-10-15,"Manhattan",TRUE,NA,46,0,0,NA
2024-10-15,"Queens",FALSE,NA,46,0,0,NA
2024-10-16,"Bronx",FALSE,292007,45,0,0,NA
2024-10-16,"Brooklyn",FALSE,NA,45,0,0,NA
2024-10-16,"Brooklyn",TRUE,NA,45,0,0,NA
2024-10-16,"Manhattan",FALSE,NA,45,0,0,NA
2024-10-16,"Manhattan",TRUE,NA,45,0,0,NA
2024-10-16,"Queens",FALSE,NA,45,0,0,NA
2024-10-17,"Bronx",FALSE,290160,43,0,0,NA
2024-10-17,"Brooklyn",FALSE,NA,43,0,0,NA
2024-10-17,"Brooklyn",TRUE,NA,43,0,0,NA
2024-10-17,"Manhattan",FALSE,NA,43,0,0,NA
2024-10-17,"Manhattan",TRUE,NA,43,0,0,NA
2024-10-17,"Queens",FALSE,NA,43,0,0,NA
2024-10-18,"Bronx",FALSE,280211,48,0,0,NA
2024-10-18,"Brooklyn",FALSE,NA,48,0,0,NA
2024-10-18,"Brooklyn",TRUE,23847,48,0,0,NA
2024-10-18,"Manhattan",FALSE,NA,48,0,0,NA
2024-10-18,"Manhattan",TRUE,NA,48,0,0,NA
2024-10-18,"Queens",FALSE,NA,48,0,0,NA
2024-10-19,"Bronx",FALSE,147935,47,0,0,NA
2024-10-19,"Brooklyn",FALSE,NA,47,0,0,NA
2024-10-19,"Brooklyn",TRUE,23310,47,0,0,NA
2024-10-19,"Manhattan",FALSE,NA,47,0,0,NA
2024-10-19,"Manhattan",TRUE,NA,47,0,0,NA
2024-10-19,"Queens",FALSE,NA,47,0,0,NA
2024-10-20,"Bronx",FALSE,113851,50,0,0,NA
2024-10-20,"Brooklyn",FALSE,NA,50,0,0,NA
2024-10-20,"Brooklyn",TRUE,18664,50,0,0,NA
2024-10-20,"Manhattan",FALSE,NA,50,0,0,NA
2024-10-20,"Manhattan",TRUE,NA,50,0,0,NA
2024-10-20,"Queens",FALSE,NA,50,0,0,NA
2024-10-21,"Bronx",FALSE,280196,51,0,0,NA
2024-10-21,"Brooklyn",FALSE,NA,51,0,0,NA
2024-10-21,"Brooklyn",TRUE,21921,51,0,0,NA
2024-10-21,"Manhattan",FALSE,NA,51,0,0,NA
2024-10-21,"Manhattan",TRUE,NA,51,0,0,NA
2024-10-21,"Queens",FALSE,NA,51,0,0,NA
2024-10-22,"Bronx",FALSE,290184,57,0,0,NA
2024-10-22,"Brooklyn",FALSE,NA,57,0,0,NA
2024-10-22,"Brooklyn",TRUE,NA,57,0,0,NA
2024-10-22,"Manhattan",FALSE,NA,57,0,0,NA
2024-10-22,"Manhattan",TRUE,NA,57,0,0,NA
2024-10-22,"Queens",FALSE,NA,57,0,0,NA
2024-10-23,"Bronx",FALSE,292857,56,0,0,NA
2024-10-23,"Brooklyn",FALSE,NA,56,0,0,NA
2024-10-23,"Brooklyn",TRUE,NA,56,0,0,NA
2024-10-23,"Manhattan",FALSE,NA,56,0,0,NA
2024-10-23,"Manhattan",TRUE,NA,56,0,0,NA
2024-10-23,"Queens",FALSE,NA,56,0,0,NA
2024-10-24,"Bronx",FALSE,289012,54,0,0,NA
2024-10-24,"Brooklyn",FALSE,NA,54,0,0,NA
2024-10-24,"Brooklyn",TRUE,NA,54,0,0,NA
2024-10-24,"Manhattan",FALSE,NA,54,0,0,NA
2024-10-24,"Manhattan",TRUE,NA,54,0,0,NA
2024-10-24,"Queens",FALSE,NA,54,0,0,NA
2024-10-25,"Bronx",FALSE,282844,47,0,0,NA
2024-10-25,"Brooklyn",FALSE,NA,47,0,0,NA
2024-10-25,"Brooklyn",TRUE,23082,47,0,0,NA
2024-10-25,"Manhattan",FALSE,NA,47,0,0,NA
2024-10-25,"Manhattan",TRUE,NA,47,0,0,NA
2024-10-25,"Queens",FALSE,NA,47,0,0,NA
2024-10-26,"Bronx",FALSE,159593,52,0,0,NA
2024-10-26,"Brooklyn",FALSE,NA,52,0,0,NA
2024-10-26,"Brooklyn",TRUE,22545,52,0,0,NA
2024-10-26,"Manhattan",FALSE,NA,52,0,0,NA
2024-10-26,"Manhattan",TRUE,NA,52,0,0,NA
2024-10-26,"Queens",FALSE,NA,52,0,0,NA
2024-10-27,"Bronx",FALSE,118546,45,0,0,NA
2024-10-27,"Brooklyn",FALSE,NA,45,0,0,NA
2024-10-27,"Brooklyn",TRUE,19900,45,0,0,NA
2024-10-27,"Manhattan",FALSE,NA,45,0,0,NA
2024-10-27,"Manhattan",TRUE,NA,45,0,0,NA
2024-10-27,"Queens",FALSE,NA,45,0,0,NA
2024-10-28,"Bronx",FALSE,NA,43,0,0,NA
2024-10-28,"Brooklyn",FALSE,NA,43,0,0,NA
2024-10-28,"Brooklyn",TRUE,21916,43,0,0,NA
2024-10-28,"Manhattan",FALSE,NA,43,0,0,NA
2024-10-28,"Manhattan",TRUE,NA,43,0,0,NA
2024-10-28,"Queens",FALSE,NA,43,0,0,NA
2024-10-29,"Bronx",FALSE,NA,51,0,0.01,NA
2024-10-29,"Brooklyn",FALSE,NA,51,0,0.01,NA
2024-10-29,"Brooklyn",TRUE,NA,51,0,0.01,NA
2024-10-29,"Manhattan",FALSE,NA,51,0,0.01,NA
2024-10-29,"Manhattan",TRUE,NA,51,0,0.01,NA
2024-10-29,"Queens",FALSE,NA,51,0,0.01,NA
2024-10-30,"Bronx",FALSE,NA,56,0,0,NA
2024-10-30,"Brooklyn",FALSE,NA,56,0,0,NA
2024-10-30,"Brooklyn",TRUE,NA,56,0,0,NA
2024-10-30,"Manhattan",FALSE,NA,56,0,0,NA
2024-10-30,"Manhattan",TRUE,NA,56,0,0,NA
2024-10-30,"Queens",FALSE,NA,56,0,0,NA
2024-10-31,"Bronx",FALSE,NA,57,0,0,NA
2024-10-31,"Brooklyn",FALSE,NA,57,0,0,NA
2024-10-31,"Brooklyn",TRUE,NA,57,0,0,NA
2024-10-31,"Manhattan",FALSE,NA,57,0,0,NA
2024-10-31,"Manhattan",TRUE,NA,57,0,0,NA
2024-10-31,"Queens",FALSE,NA,57,0,0,NA
2024-11-01,"Bronx",FALSE,243301,57,0,0,4.5
2024-11-01,"Brooklyn",FALSE,NA,57,0,0,4.5
2024-11-01,"Brooklyn",TRUE,23423,57,0,0,4.5
2024-11-01,"Manhattan",FALSE,NA,57,0,0,4.5
2024-11-01,"Manhattan",TRUE,NA,57,0,0,4.5
2024-11-01,"Queens",FALSE,NA,57,0,0,4.5
2024-11-02,"Bronx",FALSE,143755,46,0,0,NA
2024-11-02,"Brooklyn",FALSE,NA,46,0,0,NA
2024-11-02,"Brooklyn",TRUE,22138,46,0,0,NA
2024-11-02,"Manhattan",FALSE,NA,46,0,0,NA
2024-11-02,"Manhattan",TRUE,NA,46,0,0,NA
2024-11-02,"Queens",FALSE,NA,46,0,0,NA
2024-11-03,"Bronx",FALSE,118688,40,0,0,NA
2024-11-03,"Brooklyn",FALSE,NA,40,0,0,NA
2024-11-03,"Brooklyn",TRUE,17267,40,0,0,NA
2024-11-03,"Manhattan",FALSE,NA,40,0,0,NA
2024-11-03,"Manhattan",TRUE,NA,40,0,0,NA
2024-11-03,"Queens",FALSE,NA,40,0,0,NA
2024-11-04,"Bronx",FALSE,280644,39,0,0,NA
2024-11-04,"Brooklyn",FALSE,NA,39,0,0,NA
2024-11-04,"Brooklyn",TRUE,22193,39,0,0,NA
2024-11-04,"Manhattan",FALSE,NA,39,0,0,NA
2024-11-04,"Manhattan",TRUE,NA,39,0,0,NA
2024-11-04,"Queens",FALSE,NA,39,0,0,NA
2024-11-05,"Bronx",FALSE,245336,53,0,0,NA
2024-11-05,"Brooklyn",FALSE,NA,53,0,0,NA
2024-11-05,"Brooklyn",TRUE,NA,53,0,0,NA
2024-11-05,"Manhattan",FALSE,NA,53,0,0,NA
2024-11-05,"Manhattan",TRUE,NA,53,0,0,NA
2024-11-05,"Queens",FALSE,NA,53,0,0,NA
2024-11-06,"Bronx",FALSE,291850,61,0,0,NA
2024-11-06,"Brooklyn",FALSE,NA,61,0,0,NA
2024-11-06,"Brooklyn",TRUE,22089,61,0,0,NA
2024-11-06,"Manhattan",FALSE,NA,61,0,0,NA
2024-11-06,"Manhattan",TRUE,NA,61,0,0,NA
2024-11-06,"Queens",FALSE,NA,61,0,0,NA
2024-11-07,"Bronx",FALSE,293929,54,0,0,NA
2024-11-07,"Brooklyn",FALSE,NA,54,0,0,NA
2024-11-07,"Brooklyn",TRUE,NA,54,0,0,NA
2024-11-07,"Manhattan",FALSE,NA,54,0,0,NA
2024-11-07,"Manhattan",TRUE,NA,54,0,0,NA
2024-11-07,"Queens",FALSE,NA,54,0,0,NA
2024-11-08,"Bronx",FALSE,286854,48,0,0,NA
2024-11-08,"Brooklyn",FALSE,NA,48,0,0,NA
2024-11-08,"Brooklyn",TRUE,22003,48,0,0,NA
2024-11-08,"Manhattan",FALSE,NA,48,0,0,NA
2024-11-08,"Manhattan",TRUE,NA,48,0,0,NA
2024-11-08,"Queens",FALSE,NA,48,0,0,NA
2024-11-09,"Bronx",FALSE,160283,43,0,0,NA
2024-11-09,"Brooklyn",FALSE,NA,43,0,0,NA
2024-11-09,"Brooklyn",TRUE,NA,43,0,0,NA
2024-11-09,"Manhattan",FALSE,NA,43,0,0,NA
2024-11-09,"Manhattan",TRUE,NA,43,0,0,NA
2024-11-09,"Queens",FALSE,NA,43,0,0,NA
2024-11-10,"Bronx",FALSE,120476,38,0,0.03,NA
2024-11-10,"Brooklyn",FALSE,NA,38,0,0.03,NA
2024-11-10,"Brooklyn",TRUE,17360,38,0,0.03,NA
2024-11-10,"Manhattan",FALSE,NA,38,0,0.03,NA
2024-11-10,"Manhattan",TRUE,NA,38,0,0.03,NA
2024-11-10,"Queens",FALSE,NA,38,0,0.03,NA
2024-11-11,"Bronx",FALSE,219153,58,0,0.1,NA
2024-11-11,"Brooklyn",FALSE,NA,58,0,0.1,NA
2024-11-11,"Brooklyn",TRUE,19822,58,0,0.1,NA
2024-11-11,"Manhattan",FALSE,NA,58,0,0.1,NA
2024-11-11,"Manhattan",TRUE,NA,58,0,0.1,NA
2024-11-11,"Queens",FALSE,NA,58,0,0.1,NA
2024-11-12,"Bronx",FALSE,293847,42,0,0,NA
2024-11-12,"Brooklyn",FALSE,NA,42,0,0,NA
2024-11-12,"Brooklyn",TRUE,NA,42,0,0,NA
2024-11-12,"Manhattan",FALSE,NA,42,0,0,NA
2024-11-12,"Manhattan",TRUE,NA,42,0,0,NA
2024-11-12,"Queens",FALSE,NA,42,0,0,NA
2024-11-13,"Bronx",FALSE,297673,37,0,0,NA
2024-11-13,"Brooklyn",FALSE,NA,37,0,0,NA
2024-11-13,"Brooklyn",TRUE,NA,37,0,0,NA
2024-11-13,"Manhattan",FALSE,NA,37,0,0,NA
2024-11-13,"Manhattan",TRUE,NA,37,0,0,NA
2024-11-13,"Queens",FALSE,NA,37,0,0,NA
2024-11-14,"Bronx",FALSE,NA,34,0,0,NA
2024-11-14,"Brooklyn",FALSE,NA,34,0,0,NA
2024-11-14,"Brooklyn",TRUE,NA,34,0,0,NA
2024-11-14,"Manhattan",FALSE,NA,34,0,0,NA
2024-11-14,"Manhattan",TRUE,NA,34,0,0,NA
2024-11-14,"Queens",FALSE,NA,34,0,0,NA
2024-11-15,"Bronx",FALSE,283457,41,0,0,NA
2024-11-15,"Brooklyn",FALSE,NA,41,0,0,NA
2024-11-15,"Brooklyn",TRUE,NA,41,0,0,NA
2024-11-15,"Manhattan",FALSE,NA,41,0,0,NA
2024-11-15,"Manhattan",TRUE,NA,41,0,0,NA
2024-11-15,"Queens",FALSE,NA,41,0,0,NA
2024-11-16,"Bronx",FALSE,161299,44,0,0,NA
2024-11-16,"Brooklyn",FALSE,NA,44,0,0,NA
2024-11-16,"Brooklyn",TRUE,21432,44,0,0,NA
2024-11-16,"Manhattan",FALSE,NA,44,0,0,NA
2024-11-16,"Manhattan",TRUE,NA,44,0,0,NA
2024-11-16,"Queens",FALSE,NA,44,0,0,NA
2024-11-17,"Bronx",FALSE,123190,44,0,0,NA
2024-11-17,"Brooklyn",FALSE,NA,44,0,0,NA
2024-11-17,"Brooklyn",TRUE,16408,44,0,0,NA
2024-11-17,"Manhattan",FALSE,NA,44,0,0,NA
2024-11-17,"Manhattan",TRUE,NA,44,0,0,NA
2024-11-17,"Queens",FALSE,NA,44,0,0,NA
2024-11-18,"Bronx",FALSE,286880,48,0,0,NA
2024-11-18,"Brooklyn",FALSE,NA,48,0,0,NA
2024-11-18,"Brooklyn",TRUE,20521,48,0,0,NA
2024-11-18,"Manhattan",FALSE,NA,48,0,0,NA
2024-11-18,"Manhattan",TRUE,NA,48,0,0,NA
2024-11-18,"Queens",FALSE,NA,48,0,0,NA
2024-11-19,"Bronx",FALSE,297969,46,0,0,NA
2024-11-19,"Brooklyn",FALSE,NA,46,0,0,NA
2024-11-19,"Brooklyn",TRUE,NA,46,0,0,NA
2024-11-19,"Manhattan",FALSE,NA,46,0,0,NA
2024-11-19,"Manhattan",TRUE,NA,46,0,0,NA
2024-11-19,"Queens",FALSE,NA,46,0,0,NA
2024-11-20,"Bronx",FALSE,289639,52,0,0,NA
2024-11-20,"Brooklyn",FALSE,NA,52,0,0,NA
2024-11-20,"Brooklyn",TRUE,NA,52,0,0,NA
2024-11-20,"Manhattan",FALSE,NA,52,0,0,NA
2024-11-20,"Manhattan",TRUE,NA,52,0,0,NA
2024-11-20,"Queens",FALSE,NA,52,0,0,NA
2024-11-21,"Bronx",FALSE,279675,40,0,1.42,NA
2024-11-21,"Brooklyn",FALSE,NA,40,0,1.42,NA
2024-11-21,"Brooklyn",TRUE,NA,40,0,1.42,NA
2024-11-21,"Manhattan",FALSE,NA,40,0,1.42,NA
2024-11-21,"Manhattan",TRUE,NA,40,0,1.42,NA
2024-11-21,"Queens",FALSE,NA,40,0,1.42,NA
2024-11-22,"Bronx",FALSE,269217,38,0,0.28,NA
2024-11-22,"Brooklyn",FALSE,NA,38,0,0.28,NA
2024-11-22,"Brooklyn",TRUE,18909,38,0,0.28,NA
2024-11-22,"Manhattan",FALSE,NA,38,0,0.28,NA
2024-11-22,"Manhattan",TRUE,NA,38,0,0.28,NA
2024-11-22,"Queens",FALSE,NA,38,0,0.28,NA
2024-11-23,"Bronx",FALSE,NA,37,0,0.01,NA
2024-11-23,"Brooklyn",FALSE,NA,37,0,0.01,NA
2024-11-23,"Brooklyn",TRUE,NA,37,0,0.01,NA
2024-11-23,"Manhattan",FALSE,NA,37,0,0.01,NA
2024-11-23,"Manhattan",TRUE,NA,37,0,0.01,NA
2024-11-23,"Queens",FALSE,NA,37,0,0.01,NA
2024-11-24,"Bronx",FALSE,120491,46,0,0,NA
2024-11-24,"Brooklyn",FALSE,NA,46,0,0,NA
2024-11-24,"Brooklyn",TRUE,16140,46,0,0,NA
2024-11-24,"Manhattan",FALSE,NA,46,0,0,NA
2024-11-24,"Manhattan",TRUE,NA,46,0,0,NA
2024-11-24,"Queens",FALSE,NA,46,0,0,NA
2024-11-25,"Bronx",FALSE,279769,42,0,0,NA
2024-11-25,"Brooklyn",FALSE,NA,42,0,0,NA
2024-11-25,"Brooklyn",TRUE,21293,42,0,0,NA
2024-11-25,"Manhattan",FALSE,NA,42,0,0,NA
2024-11-25,"Manhattan",TRUE,NA,42,0,0,NA
2024-11-25,"Queens",FALSE,NA,42,0,0,NA
2024-11-26,"Bronx",FALSE,281310,46,0,0.35,NA
2024-11-26,"Brooklyn",FALSE,NA,46,0,0.35,NA
2024-11-26,"Brooklyn",TRUE,NA,46,0,0.35,NA
2024-11-26,"Manhattan",FALSE,NA,46,0,0.35,NA
2024-11-26,"Manhattan",TRUE,NA,46,0,0.35,NA
2024-11-26,"Queens",FALSE,NA,46,0,0.35,NA
2024-11-27,"Bronx",FALSE,268146,41,0,0,NA
2024-11-27,"Brooklyn",FALSE,NA,41,0,0,NA
2024-11-27,"Brooklyn",TRUE,18943,41,0,0,NA
2024-11-27,"Manhattan",FALSE,NA,41,0,0,NA
2024-11-27,"Manhattan",TRUE,NA,41,0,0,NA
2024-11-27,"Queens",FALSE,NA,41,0,0,NA
2024-11-28,"Bronx",FALSE,104566,43,0,0.95,NA
2024-11-28,"Brooklyn",FALSE,300575,43,0,0.95,NA
2024-11-28,"Brooklyn",TRUE,7917,43,0,0.95,NA
2024-11-28,"Manhattan",FALSE,NA,43,0,0.95,NA
2024-11-28,"Manhattan",TRUE,NA,43,0,0.95,NA
2024-11-28,"Queens",FALSE,229135,43,0,0.95,NA
2024-11-29,"Bronx",FALSE,177873,36,0,0,NA
2024-11-29,"Brooklyn",FALSE,NA,36,0,0,NA
2024-11-29,"Brooklyn",TRUE,15941,36,0,0,NA
2024-11-29,"Manhattan",FALSE,NA,36,0,0,NA
2024-11-29,"Manhattan",TRUE,NA,36,0,0,NA
2024-11-29,"Queens",FALSE,NA,36,0,0,NA
2024-11-30,"Bronx",FALSE,142169,32,0,0,NA
2024-11-30,"Brooklyn",FALSE,NA,32,0,0,NA
2024-11-30,"Brooklyn",TRUE,17708,32,0,0,NA
2024-11-30,"Manhattan",FALSE,NA,32,0,0,NA
2024-11-30,"Manhattan",TRUE,NA,32,0,0,NA
2024-11-30,"Queens",FALSE,NA,32,0,0,NA
2024-12-01,"Bronx",FALSE,114665,29,0,0,4.3
2024-12-01,"Brooklyn",FALSE,NA,29,0,0,4.3
2024-12-01,"Brooklyn",TRUE,14197,29,0,0,4.3
2024-12-01,"Manhattan",FALSE,NA,29,0,0,4.3
2024-12-01,"Manhattan",TRUE,NA,29,0,0,4.3
2024-12-01,"Queens",FALSE,NA,29,0,0,4.3
2024-12-02,"Bronx",FALSE,274330,30,0,0,NA
2024-12-02,"Brooklyn",FALSE,NA,30,0,0,NA
2024-12-02,"Brooklyn",TRUE,19532,30,0,0,NA
2024-12-02,"Manhattan",FALSE,NA,30,0,0,NA
2024-12-02,"Manhattan",TRUE,NA,30,0,0,NA
2024-12-02,"Queens",FALSE,NA,30,0,0,NA
2024-12-03,"Bronx",FALSE,289837,32,0,0,NA
2024-12-03,"Brooklyn",FALSE,NA,32,0,0,NA
2024-12-03,"Brooklyn",TRUE,NA,32,0,0,NA
2024-12-03,"Manhattan",FALSE,NA,32,0,0,NA
2024-12-03,"Manhattan",TRUE,NA,32,0,0,NA
2024-12-03,"Queens",FALSE,NA,32,0,0,NA
2024-12-04,"Bronx",FALSE,288836,29,0,0.02,NA
2024-12-04,"Brooklyn",FALSE,NA,29,0,0.02,NA
2024-12-04,"Brooklyn",TRUE,NA,29,0,0.02,NA
2024-12-04,"Manhattan",FALSE,NA,29,0,0.02,NA
2024-12-04,"Manhattan",TRUE,NA,29,0,0.02,NA
2024-12-04,"Queens",FALSE,NA,29,0,0.02,NA
2024-12-05,"Bronx",FALSE,285492,32,0,0.21,NA
2024-12-05,"Brooklyn",FALSE,NA,32,0,0.21,NA
2024-12-05,"Brooklyn",TRUE,NA,32,0,0.21,NA
2024-12-05,"Manhattan",FALSE,NA,32,0,0.21,NA
2024-12-05,"Manhattan",TRUE,NA,32,0,0.21,NA
2024-12-05,"Queens",FALSE,NA,32,0,0.21,NA
2024-12-06,"Bronx",FALSE,275382,31,0,0,NA
2024-12-06,"Brooklyn",FALSE,NA,31,0,0,NA
2024-12-06,"Brooklyn",TRUE,23070,31,0,0,NA
2024-12-06,"Manhattan",FALSE,NA,31,0,0,NA
2024-12-06,"Manhattan",TRUE,NA,31,0,0,NA
2024-12-06,"Queens",FALSE,NA,31,0,0,NA
2024-12-07,"Bronx",FALSE,147800,33,0,0,NA
2024-12-07,"Brooklyn",FALSE,NA,33,0,0,NA
2024-12-07,"Brooklyn",TRUE,NA,33,0,0,NA
2024-12-07,"Manhattan",FALSE,NA,33,0,0,NA
2024-12-07,"Manhattan",TRUE,NA,33,0,0,NA
2024-12-07,"Queens",FALSE,NA,33,0,0,NA
2024-12-08,"Bronx",FALSE,113990,38,0,0,NA
2024-12-08,"Brooklyn",FALSE,NA,38,0,0,NA
2024-12-08,"Brooklyn",TRUE,NA,38,0,0,NA
2024-12-08,"Manhattan",FALSE,NA,38,0,0,NA
2024-12-08,"Manhattan",TRUE,NA,38,0,0,NA
2024-12-08,"Queens",FALSE,NA,38,0,0,NA
2024-12-09,"Bronx",FALSE,275071,35,0,0.16,NA
2024-12-09,"Brooklyn",FALSE,NA,35,0,0.16,NA
2024-12-09,"Brooklyn",TRUE,19905,35,0,0.16,NA
2024-12-09,"Manhattan",FALSE,NA,35,0,0.16,NA
2024-12-09,"Manhattan",TRUE,NA,35,0,0.16,NA
2024-12-09,"Queens",FALSE,NA,35,0,0.16,NA
2024-12-10,"Bronx",FALSE,287580,45,0,0.13,NA
2024-12-10,"Brooklyn",FALSE,NA,45,0,0.13,NA
2024-12-10,"Brooklyn",TRUE,NA,45,0,0.13,NA
2024-12-10,"Manhattan",FALSE,NA,45,0,0.13,NA
2024-12-10,"Manhattan",TRUE,NA,45,0,0.13,NA
2024-12-10,"Queens",FALSE,NA,45,0,0.13,NA
2024-12-11,"Bronx",FALSE,275081,43,0,0.88,NA
2024-12-11,"Brooklyn",FALSE,NA,43,0,0.88,NA
2024-12-11,"Brooklyn",TRUE,17794,43,0,0.88,NA
2024-12-11,"Manhattan",FALSE,NA,43,0,0.88,NA
2024-12-11,"Manhattan",TRUE,NA,43,0,0.88,NA
2024-12-11,"Queens",FALSE,NA,43,0,0.88,NA
2024-12-12,"Bronx",FALSE,289866,31,0,0,NA
2024-12-12,"Brooklyn",FALSE,NA,31,0,0,NA
2024-12-12,"Brooklyn",TRUE,NA,31,0,0,NA
2024-12-12,"Manhattan",FALSE,NA,31,0,0,NA
2024-12-12,"Manhattan",TRUE,NA,31,0,0,NA
2024-12-12,"Queens",FALSE,NA,31,0,0,NA
2024-12-13,"Bronx",FALSE,273407,27,0,0,NA
2024-12-13,"Brooklyn",FALSE,NA,27,0,0,NA
2024-12-13,"Brooklyn",TRUE,NA,27,0,0,NA
2024-12-13,"Manhattan",FALSE,NA,27,0,0,NA
2024-12-13,"Manhattan",TRUE,NA,27,0,0,NA
2024-12-13,"Queens",FALSE,NA,27,0,0,NA
2024-12-14,"Bronx",FALSE,154443,25,0,0,NA
2024-12-14,"Brooklyn",FALSE,NA,25,0,0,NA
2024-12-14,"Brooklyn",TRUE,NA,25,0,0,NA
2024-12-14,"Manhattan",FALSE,NA,25,0,0,NA
2024-12-14,"Manhattan",TRUE,NA,25,0,0,NA
2024-12-14,"Queens",FALSE,NA,25,0,0,NA
2024-12-15,"Bronx",FALSE,116311,26,0,0.01,NA
2024-12-15,"Brooklyn",FALSE,NA,26,0,0.01,NA
2024-12-15,"Brooklyn",TRUE,17436,26,0,0.01,NA
2024-12-15,"Manhattan",FALSE,NA,26,0,0.01,NA
2024-12-15,"Manhattan",TRUE,NA,26,0,0.01,NA
2024-12-15,"Queens",FALSE,NA,26,0,0.01,NA
2024-12-16,"Bronx",FALSE,261462,39,0,0.99,NA
2024-12-16,"Brooklyn",FALSE,NA,39,0,0.99,NA
2024-12-16,"Brooklyn",TRUE,19156,39,0,0.99,NA
2024-12-16,"Manhattan",FALSE,NA,39,0,0.99,NA
2024-12-16,"Manhattan",TRUE,NA,39,0,0.99,NA
2024-12-16,"Queens",FALSE,NA,39,0,0.99,NA
2024-12-17,"Bronx",FALSE,289430,44,0,0.08,NA
2024-12-17,"Brooklyn",FALSE,NA,44,0,0.08,NA
2024-12-17,"Brooklyn",TRUE,NA,44,0,0.08,NA
2024-12-17,"Manhattan",FALSE,NA,44,0,0.08,NA
2024-12-17,"Manhattan",TRUE,NA,44,0,0.08,NA
2024-12-17,"Queens",FALSE,NA,44,0,0.08,NA
2024-12-18,"Bronx",FALSE,285249,37,0,0.18,NA
2024-12-18,"Brooklyn",FALSE,NA,37,0,0.18,NA
2024-12-18,"Brooklyn",TRUE,22662,37,0,0.18,NA
2024-12-18,"Manhattan",FALSE,NA,37,0,0.18,NA
2024-12-18,"Manhattan",TRUE,NA,37,0,0.18,NA
2024-12-18,"Queens",FALSE,NA,37,0,0.18,NA
2024-12-19,"Bronx",FALSE,283463,38,0,0.04,NA
2024-12-19,"Brooklyn",FALSE,NA,38,0,0.04,NA
2024-12-19,"Brooklyn",TRUE,NA,38,0,0.04,NA
2024-12-19,"Manhattan",FALSE,NA,38,0,0.04,NA
2024-12-19,"Manhattan",TRUE,NA,38,0,0.04,NA
2024-12-19,"Queens",FALSE,NA,38,0,0.04,NA
2024-12-20,"Bronx",FALSE,267222,35,0,0.05,NA
2024-12-20,"Brooklyn",FALSE,NA,35,0,0.05,NA
2024-12-20,"Brooklyn",TRUE,19488,35,0,0.05,NA
2024-12-20,"Manhattan",FALSE,NA,35,0,0.05,NA
2024-12-20,"Manhattan",TRUE,NA,35,0,0.05,NA
2024-12-20,"Queens",FALSE,NA,35,0,0.05,NA
2024-12-21,"Bronx",FALSE,146311,21,2,0.12,NA
2024-12-21,"Brooklyn",FALSE,NA,21,2,0.12,NA
2024-12-21,"Brooklyn",TRUE,18981,21,2,0.12,NA
2024-12-21,"Manhattan",FALSE,NA,21,2,0.12,NA
2024-12-21,"Manhattan",TRUE,NA,21,2,0.12,NA
2024-12-21,"Queens",FALSE,NA,21,2,0.12,NA
2024-12-22,"Bronx",FALSE,112717,15,0,0,NA
2024-12-22,"Brooklyn",FALSE,NA,15,0,0,NA
2024-12-22,"Brooklyn",TRUE,15154,15,0,0,NA
2024-12-22,"Manhattan",FALSE,NA,15,0,0,NA
2024-12-22,"Manhattan",TRUE,NA,15,0,0,NA
2024-12-22,"Queens",FALSE,NA,15,0,0,NA
2024-12-23,"Bronx",FALSE,213493,12,0,0,NA
2024-12-23,"Brooklyn",FALSE,NA,12,0,0,NA
2024-12-23,"Brooklyn",TRUE,17333,12,0,0,NA
2024-12-23,"Manhattan",FALSE,NA,12,0,0,NA
2024-12-23,"Manhattan",TRUE,NA,12,0,0,NA
2024-12-23,"Queens",FALSE,NA,12,0,0,NA
2024-12-24,"Bronx",FALSE,179881,31,0,0.04,NA
2024-12-24,"Brooklyn",FALSE,NA,31,0,0.04,NA
2024-12-24,"Brooklyn",TRUE,14242,31,0,0.04,NA
2024-12-24,"Manhattan",FALSE,NA,31,0,0.04,NA
2024-12-24,"Manhattan",TRUE,NA,31,0,0.04,NA
2024-12-24,"Queens",FALSE,NA,31,0,0.04,NA
2024-12-25,"Bronx",FALSE,86492,29,0,0,NA
2024-12-25,"Brooklyn",FALSE,251293,29,0,0,NA
2024-12-25,"Brooklyn",TRUE,14647,29,0,0,NA
2024-12-25,"Manhattan",FALSE,NA,29,0,0,NA
2024-12-25,"Manhattan",TRUE,NA,29,0,0,NA
2024-12-25,"Queens",FALSE,NA,29,0,0,NA
2024-12-26,"Bronx",FALSE,196857,25,0,0,NA
2024-12-26,"Brooklyn",FALSE,NA,25,0,0,NA
2024-12-26,"Brooklyn",TRUE,18247,25,0,0,NA
2024-12-26,"Manhattan",FALSE,NA,25,0,0,NA
2024-12-26,"Manhattan",TRUE,NA,25,0,0,NA
2024-12-26,"Queens",FALSE,NA,25,0,0,NA
2024-12-27,"Bronx",FALSE,211075,26,0,0,NA
2024-12-27,"Brooklyn",FALSE,NA,26,0,0,NA
2024-12-27,"Brooklyn",TRUE,NA,26,0,0,NA
2024-12-27,"Manhattan",FALSE,NA,26,0,0,NA
2024-12-27,"Manhattan",TRUE,NA,26,0,0,NA
2024-12-27,"Queens",FALSE,NA,26,0,0,NA
2024-12-28,"Bronx",FALSE,NA,41,0,0.65,NA
2024-12-28,"Brooklyn",FALSE,NA,41,0,0.65,NA
2024-12-28,"Brooklyn",TRUE,15488,41,0,0.65,NA
2024-12-28,"Manhattan",FALSE,NA,41,0,0.65,NA
2024-12-28,"Manhattan",TRUE,NA,41,0,0.65,NA
2024-12-28,"Queens",FALSE,NA,41,0,0.65,NA
2024-12-29,"Bronx",FALSE,112523,49,0,0.22,NA
2024-12-29,"Brooklyn",FALSE,NA,49,0,0.22,NA
2024-12-29,"Brooklyn",TRUE,18860,49,0,0.22,NA
2024-12-29,"Manhattan",FALSE,NA,49,0,0.22,NA
2024-12-29,"Manhattan",TRUE,NA,49,0,0.22,NA
2024-12-29,"Queens",FALSE,NA,49,0,0.22,NA
2024-12-30,"Bronx",FALSE,216207,45,0,0.28,NA
2024-12-30,"Brooklyn",FALSE,NA,45,0,0.28,NA
2024-12-30,"Brooklyn",TRUE,NA,45,0,0.28,NA
2024-12-30,"Manhattan",FALSE,NA,45,0,0.28,NA
2024-12-30,"Manhattan",TRUE,NA,45,0,0.28,NA
2024-12-30,"Queens",FALSE,NA,45,0,0.28,NA
2024-12-31,"Bronx",FALSE,194341,38,0,0.38,NA
2024-12-31,"Brooklyn",FALSE,NA,38,0,0.38,NA
2024-12-31,"Brooklyn",TRUE,19623,38,0,0.38,NA
2024-12-31,"Manhattan",FALSE,NA,38,0,0.38,NA
2024-12-31,"Manhattan",TRUE,NA,38,0,0.38,NA
2024-12-31,"Queens",FALSE,NA,38,0,0.38,NA
2025-01-01,"Bronx",FALSE,88969,41,0,0,4.7
2025-01-01,"Brooklyn",FALSE,NA,41,0,0,4.7
2025-01-01,"Brooklyn",TRUE,17669,41,0,0,4.7
2025-01-01,"Manhattan",FALSE,NA,41,0,0,4.7
2025-01-01,"Manhattan",TRUE,NA,41,0,0,4.7
2025-01-01,"Queens",FALSE,NA,41,0,0,4.7
2025-01-02,"Bronx",FALSE,202875,35,0,0,NA
2025-01-02,"Brooklyn",FALSE,NA,35,0,0,NA
2025-01-02,"Brooklyn",TRUE,20213,35,0,0,NA
2025-01-02,"Manhattan",FALSE,NA,35,0,0,NA
2025-01-02,"Manhattan",TRUE,NA,35,0,0,NA
2025-01-02,"Queens",FALSE,NA,35,0,0,NA
2025-01-03,"Bronx",FALSE,207011,33,0,0,NA
2025-01-03,"Brooklyn",FALSE,NA,33,0,0,NA
2025-01-03,"Brooklyn",TRUE,NA,33,0,0,NA
2025-01-03,"Manhattan",FALSE,NA,33,0,0,NA
2025-01-03,"Manhattan",TRUE,NA,33,0,0,NA
2025-01-03,"Queens",FALSE,NA,33,0,0,NA
2025-01-04,"Bronx",FALSE,124698,30,0,0,NA
2025-01-04,"Brooklyn",FALSE,NA,30,0,0,NA
2025-01-04,"Brooklyn",TRUE,16697,30,0,0,NA
2025-01-04,"Manhattan",FALSE,NA,30,0,0,NA
2025-01-04,"Manhattan",TRUE,NA,30,0,0,NA
2025-01-04,"Queens",FALSE,NA,30,0,0,NA
2025-01-05,"Bronx",FALSE,98122,29,0,0,NA
2025-01-05,"Brooklyn",FALSE,NA,29,0,0,NA
2025-01-05,"Brooklyn",TRUE,12376,29,0,0,NA
2025-01-05,"Manhattan",FALSE,NA,29,0,0,NA
2025-01-05,"Manhattan",TRUE,NA,29,0,0,NA
2025-01-05,"Queens",FALSE,NA,29,0,0,NA
2025-01-06,"Bronx",FALSE,211925,24,0,0.06,NA
2025-01-06,"Brooklyn",FALSE,NA,24,0,0.06,NA
2025-01-06,"Brooklyn",TRUE,16067,24,0,0.06,NA
2025-01-06,"Manhattan",FALSE,NA,24,0,0.06,NA
2025-01-06,"Manhattan",TRUE,NA,24,0,0.06,NA
2025-01-06,"Queens",FALSE,NA,24,0,0.06,NA
2025-01-07,"Bronx",FALSE,217686,20,0,0,NA
2025-01-07,"Brooklyn",FALSE,NA,20,0,0,NA
2025-01-07,"Brooklyn",TRUE,NA,20,0,0,NA
2025-01-07,"Manhattan",FALSE,NA,20,0,0,NA
2025-01-07,"Manhattan",TRUE,NA,20,0,0,NA
2025-01-07,"Queens",FALSE,NA,20,0,0,NA
2025-01-08,"Bronx",FALSE,219209,24,0,0,NA
2025-01-08,"Brooklyn",FALSE,NA,24,0,0,NA
2025-01-08,"Brooklyn",TRUE,NA,24,0,0,NA
2025-01-08,"Manhattan",FALSE,NA,24,0,0,NA
2025-01-08,"Manhattan",TRUE,NA,24,0,0,NA
2025-01-08,"Queens",FALSE,NA,24,0,0,NA
2025-01-09,"Bronx",FALSE,215477,24,0,0,NA
2025-01-09,"Brooklyn",FALSE,NA,24,0,0,NA
2025-01-09,"Brooklyn",TRUE,NA,24,0,0,NA
2025-01-09,"Manhattan",FALSE,NA,24,0,0,NA
2025-01-09,"Manhattan",TRUE,NA,24,0,0,NA
2025-01-09,"Queens",FALSE,NA,24,0,0,NA
2025-01-10,"Bronx",FALSE,220329,29,0,0,NA
2025-01-10,"Brooklyn",FALSE,NA,29,0,0,NA
2025-01-10,"Brooklyn",TRUE,17444,29,0,0,NA
2025-01-10,"Manhattan",FALSE,NA,29,0,0,NA
2025-01-10,"Manhattan",TRUE,NA,29,0,0,NA
2025-01-10,"Queens",FALSE,NA,29,0,0,NA
2025-01-11,"Bronx",FALSE,127733,30,0,0.03,NA
2025-01-11,"Brooklyn",FALSE,NA,30,0,0.03,NA
2025-01-11,"Brooklyn",TRUE,14817,30,0,0.03,NA
2025-01-11,"Manhattan",FALSE,NA,30,0,0.03,NA
2025-01-11,"Manhattan",TRUE,NA,30,0,0.03,NA
2025-01-11,"Queens",FALSE,NA,30,0,0.03,NA
2025-01-12,"Bronx",FALSE,101341,31,0,0,NA
2025-01-12,"Brooklyn",FALSE,NA,31,0,0,NA
2025-01-12,"Brooklyn",TRUE,12769,31,0,0,NA
2025-01-12,"Manhattan",FALSE,NA,31,0,0,NA
2025-01-12,"Manhattan",TRUE,NA,31,0,0,NA
2025-01-12,"Queens",FALSE,NA,31,0,0,NA
2025-01-13,"Bronx",FALSE,221765,30,0,0,NA
2025-01-13,"Brooklyn",FALSE,NA,30,0,0,NA
2025-01-13,"Brooklyn",TRUE,16944,30,0,0,NA
2025-01-13,"Manhattan",FALSE,NA,30,0,0,NA
2025-01-13,"Manhattan",TRUE,NA,30,0,0,NA
2025-01-13,"Queens",FALSE,NA,30,0,0,NA
2025-01-14,"Bronx",FALSE,227319,28,0,0,NA
2025-01-14,"Brooklyn",FALSE,NA,28,0,0,NA
2025-01-14,"Brooklyn",TRUE,NA,28,0,0,NA
2025-01-14,"Manhattan",FALSE,NA,28,0,0,NA
2025-01-14,"Manhattan",TRUE,NA,28,0,0,NA
2025-01-14,"Queens",FALSE,NA,28,0,0,NA
2025-01-15,"Bronx",FALSE,227996,25,0,0,NA
2025-01-15,"Brooklyn",FALSE,NA,25,0,0,NA
2025-01-15,"Brooklyn",TRUE,NA,25,0,0,NA
2025-01-15,"Manhattan",FALSE,NA,25,0,0,NA
2025-01-15,"Manhattan",TRUE,NA,25,0,0,NA
2025-01-15,"Queens",FALSE,NA,25,0,0,NA
2025-01-16,"Bronx",FALSE,227685,25,0,0,NA
2025-01-16,"Brooklyn",FALSE,NA,25,0,0,NA
2025-01-16,"Brooklyn",TRUE,NA,25,0,0,NA
2025-01-16,"Manhattan",FALSE,NA,25,0,0,NA
2025-01-16,"Manhattan",TRUE,NA,25,0,0,NA
2025-01-16,"Queens",FALSE,NA,25,0,0,NA
2025-01-17,"Bronx",FALSE,224946,27,0,0,NA
2025-01-17,"Brooklyn",FALSE,NA,27,0,0,NA
2025-01-17,"Brooklyn",TRUE,17749,27,0,0,NA
2025-01-17,"Manhattan",FALSE,NA,27,0,0,NA
2025-01-17,"Manhattan",TRUE,NA,27,0,0,NA
2025-01-17,"Queens",FALSE,NA,27,0,0,NA
2025-01-18,"Bronx",FALSE,127693,35,0,0.17,NA
2025-01-18,"Brooklyn",FALSE,NA,35,0,0.17,NA
2025-01-18,"Brooklyn",TRUE,14553,35,0,0.17,NA
2025-01-18,"Manhattan",FALSE,NA,35,0,0.17,NA
2025-01-18,"Manhattan",TRUE,NA,35,0,0.17,NA
2025-01-18,"Queens",FALSE,NA,35,0,0.17,NA
2025-01-19,"Bronx",FALSE,96036,29,0,0.24,NA
2025-01-19,"Brooklyn",FALSE,NA,29,0,0.24,NA
2025-01-19,"Brooklyn",TRUE,12098,29,0,0.24,NA
2025-01-19,"Manhattan",FALSE,NA,29,0,0.24,NA
2025-01-19,"Manhattan",TRUE,NA,29,0,0.24,NA
2025-01-19,"Queens",FALSE,NA,29,0,0.24,NA
2025-01-20,"Bronx",FALSE,142020,19,2,0,NA
2025-01-20,"Brooklyn",FALSE,NA,19,2,0,NA
2025-01-20,"Brooklyn",TRUE,12351,19,2,0,NA
2025-01-20,"Manhattan",FALSE,NA,19,2,0,NA
2025-01-20,"Manhattan",TRUE,NA,19,2,0,NA
2025-01-20,"Queens",FALSE,NA,19,2,0,NA
2025-01-21,"Bronx",FALSE,215198,14,1.2,0,NA
2025-01-21,"Brooklyn",FALSE,NA,14,1.2,0,NA
2025-01-21,"Brooklyn",TRUE,18184,14,1.2,0,NA
2025-01-21,"Manhattan",FALSE,NA,14,1.2,0,NA
2025-01-21,"Manhattan",TRUE,NA,14,1.2,0,NA
2025-01-21,"Queens",FALSE,NA,14,1.2,0,NA
2025-01-22,"Bronx",FALSE,219541,13,1.2,0,NA
2025-01-22,"Brooklyn",FALSE,NA,13,1.2,0,NA
2025-01-22,"Brooklyn",TRUE,NA,13,1.2,0,NA
2025-01-22,"Manhattan",FALSE,NA,13,1.2,0,NA
2025-01-22,"Manhattan",TRUE,NA,13,1.2,0,NA
2025-01-22,"Queens",FALSE,NA,13,1.2,0,NA
2025-01-23,"Bronx",FALSE,227970,16,1.2,0,NA
2025-01-23,"Brooklyn",FALSE,NA,16,1.2,0,NA
2025-01-23,"Brooklyn",TRUE,NA,16,1.2,0,NA
2025-01-23,"Manhattan",FALSE,NA,16,1.2,0,NA
2025-01-23,"Manhattan",TRUE,NA,16,1.2,0,NA
2025-01-23,"Queens",FALSE,NA,16,1.2,0,NA
2025-01-24,"Bronx",FALSE,226423,20,1.2,0,NA
2025-01-24,"Brooklyn",FALSE,NA,20,1.2,0,NA
2025-01-24,"Brooklyn",TRUE,17249,20,1.2,0,NA
2025-01-24,"Manhattan",FALSE,NA,20,1.2,0,NA
2025-01-24,"Manhattan",TRUE,NA,20,1.2,0,NA
2025-01-24,"Queens",FALSE,NA,20,1.2,0,NA
2025-01-25,"Bronx",FALSE,133386,18,1.2,0,NA
2025-01-25,"Brooklyn",FALSE,NA,18,1.2,0,NA
2025-01-25,"Brooklyn",TRUE,16268,18,1.2,0,NA
2025-01-25,"Manhattan",FALSE,NA,18,1.2,0,NA
2025-01-25,"Manhattan",TRUE,NA,18,1.2,0,NA
2025-01-25,"Queens",FALSE,NA,18,1.2,0,NA
2025-01-26,"Bronx",FALSE,103948,29,0,0,NA
2025-01-26,"Brooklyn",FALSE,NA,29,0,0,NA
2025-01-26,"Brooklyn",TRUE,12530,29,0,0,NA
2025-01-26,"Manhattan",FALSE,NA,29,0,0,NA
2025-01-26,"Manhattan",TRUE,NA,29,0,0,NA
2025-01-26,"Queens",FALSE,243483,29,0,0,NA
2025-01-27,"Bronx",FALSE,234589,29,0,0,NA
2025-01-27,"Brooklyn",FALSE,NA,29,0,0,NA
2025-01-27,"Brooklyn",TRUE,17881,29,0,0,NA
2025-01-27,"Manhattan",FALSE,NA,29,0,0,NA
2025-01-27,"Manhattan",TRUE,NA,29,0,0,NA
2025-01-27,"Queens",FALSE,NA,29,0,0,NA
2025-01-28,"Bronx",FALSE,243875,30,0,0,NA
2025-01-28,"Brooklyn",FALSE,NA,30,0,0,NA
2025-01-28,"Brooklyn",TRUE,NA,30,0,0,NA
2025-01-28,"Manhattan",FALSE,NA,30,0,0,NA
2025-01-28,"Manhattan",TRUE,NA,30,0,0,NA
2025-01-28,"Queens",FALSE,NA,30,0,0,NA
2025-01-29,"Bronx",FALSE,226389,34,0,0,NA
2025-01-29,"Brooklyn",FALSE,NA,34,0,0,NA
2025-01-29,"Brooklyn",TRUE,NA,34,0,0,NA
2025-01-29,"Manhattan",FALSE,NA,34,0,0,NA
2025-01-29,"Manhattan",TRUE,NA,34,0,0,NA
2025-01-29,"Queens",FALSE,NA,34,0,0,NA
2025-01-30,"Bronx",FALSE,247157,26,0,0,NA
2025-01-30,"Brooklyn",FALSE,NA,26,0,0,NA
2025-01-30,"Brooklyn",TRUE,NA,26,0,0,NA
2025-01-30,"Manhattan",FALSE,NA,26,0,0,NA
2025-01-30,"Manhattan",TRUE,NA,26,0,0,NA
2025-01-30,"Queens",FALSE,NA,26,0,0,NA
2025-01-31,"Bronx",FALSE,231229,40,0,0.15,NA
2025-01-31,"Brooklyn",FALSE,NA,40,0,0.15,NA
2025-01-31,"Brooklyn",TRUE,16225,40,0,0.15,NA
2025-01-31,"Manhattan",FALSE,NA,40,0,0.15,NA
2025-01-31,"Manhattan",TRUE,NA,40,0,0.15,NA
2025-01-31,"Queens",FALSE,NA,40,0,0.15,NA
2025-02-01,"Bronx",FALSE,137913,23,0,0.01,4.4
2025-02-01,"Brooklyn",FALSE,NA,23,0,0.01,4.4
2025-02-01,"Brooklyn",TRUE,15546,23,0,0.01,4.4
2025-02-01,"Manhattan",FALSE,NA,23,0,0.01,4.4
2025-02-01,"Manhattan",TRUE,NA,23,0,0.01,4.4
2025-02-01,"Queens",FALSE,NA,23,0,0.01,4.4
2025-02-02,"Bronx",FALSE,101927,19,0,0.09,NA
2025-02-02,"Brooklyn",FALSE,NA,19,0,0.09,NA
2025-02-02,"Brooklyn",TRUE,11386,19,0,0.09,NA
2025-02-02,"Manhattan",FALSE,NA,19,0,0.09,NA
2025-02-02,"Manhattan",TRUE,NA,19,0,0.09,NA
2025-02-02,"Queens",FALSE,NA,19,0,0.09,NA
2025-02-03,"Bronx",FALSE,236218,32,0,0,NA
2025-02-03,"Brooklyn",FALSE,NA,32,0,0,NA
2025-02-03,"Brooklyn",TRUE,17151,32,0,0,NA
2025-02-03,"Manhattan",FALSE,NA,32,0,0,NA
2025-02-03,"Manhattan",TRUE,NA,32,0,0,NA
2025-02-03,"Queens",FALSE,NA,32,0,0,NA
2025-02-04,"Bronx",FALSE,254449,33,0,0,NA
2025-02-04,"Brooklyn",FALSE,NA,33,0,0,NA
2025-02-04,"Brooklyn",TRUE,NA,33,0,0,NA
2025-02-04,"Manhattan",FALSE,NA,33,0,0,NA
2025-02-04,"Manhattan",TRUE,NA,33,0,0,NA
2025-02-04,"Queens",FALSE,NA,33,0,0,NA
2025-02-05,"Bronx",FALSE,254854,29,0,0,NA
2025-02-05,"Brooklyn",FALSE,NA,29,0,0,NA
2025-02-05,"Brooklyn",TRUE,NA,29,0,0,NA
2025-02-05,"Manhattan",FALSE,NA,29,0,0,NA
2025-02-05,"Manhattan",TRUE,NA,29,0,0,NA
2025-02-05,"Queens",FALSE,NA,29,0,0,NA
2025-02-06,"Bronx",FALSE,237478,33,0,0.25,NA
2025-02-06,"Brooklyn",FALSE,NA,33,0,0.25,NA
2025-02-06,"Brooklyn",TRUE,18225,33,0,0.25,NA
2025-02-06,"Manhattan",FALSE,NA,33,0,0.25,NA
2025-02-06,"Manhattan",TRUE,NA,33,0,0.25,NA
2025-02-06,"Queens",FALSE,NA,33,0,0.25,NA
2025-02-07,"Bronx",FALSE,244864,31,0,0,NA
2025-02-07,"Brooklyn",FALSE,NA,31,0,0,NA
2025-02-07,"Brooklyn",TRUE,19128,31,0,0,NA
2025-02-07,"Manhattan",FALSE,NA,31,0,0,NA
2025-02-07,"Manhattan",TRUE,NA,31,0,0,NA
2025-02-07,"Queens",FALSE,NA,31,0,0,NA
2025-02-08,"Bronx",FALSE,139805,27,0,0.67,NA
2025-02-08,"Brooklyn",FALSE,NA,27,0,0.67,NA
2025-02-08,"Brooklyn",TRUE,15124,27,0,0.67,NA
2025-02-08,"Manhattan",FALSE,NA,27,0,0.67,NA
2025-02-08,"Manhattan",TRUE,NA,27,0,0.67,NA
2025-02-08,"Queens",FALSE,NA,27,0,0.67,NA
2025-02-09,"Bronx",FALSE,102670,34,3.1,0.05,NA
2025-02-09,"Brooklyn",FALSE,NA,34,3.1,0.05,NA
2025-02-09,"Brooklyn",TRUE,11231,34,3.1,0.05,NA
2025-02-09,"Manhattan",FALSE,NA,34,3.1,0.05,NA
2025-02-09,"Manhattan",TRUE,NA,34,3.1,0.05,NA
2025-02-09,"Queens",FALSE,245777,34,3.1,0.05,NA
2025-02-10,"Bronx",FALSE,242132,30,1.2,0,NA
2025-02-10,"Brooklyn",FALSE,NA,30,1.2,0,NA
2025-02-10,"Brooklyn",TRUE,18197,30,1.2,0,NA
2025-02-10,"Manhattan",FALSE,NA,30,1.2,0,NA
2025-02-10,"Manhattan",TRUE,NA,30,1.2,0,NA
2025-02-10,"Queens",FALSE,NA,30,1.2,0,NA
2025-02-11,"Bronx",FALSE,251873,26,1.2,0.14,NA
2025-02-11,"Brooklyn",FALSE,NA,26,1.2,0.14,NA
2025-02-11,"Brooklyn",TRUE,NA,26,1.2,0.14,NA
2025-02-11,"Manhattan",FALSE,NA,26,1.2,0.14,NA
2025-02-11,"Manhattan",TRUE,NA,26,1.2,0.14,NA
2025-02-11,"Queens",FALSE,NA,26,1.2,0.14,NA
2025-02-12,"Bronx",FALSE,237290,33,3.1,0.13,NA
2025-02-12,"Brooklyn",FALSE,NA,33,3.1,0.13,NA
2025-02-12,"Brooklyn",TRUE,18875,33,3.1,0.13,NA
2025-02-12,"Manhattan",FALSE,NA,33,3.1,0.13,NA
2025-02-12,"Manhattan",TRUE,NA,33,3.1,0.13,NA
2025-02-12,"Queens",FALSE,NA,33,3.1,0.13,NA
2025-02-13,"Bronx",FALSE,250055,38,2,0.2,NA
2025-02-13,"Brooklyn",FALSE,NA,38,2,0.2,NA
2025-02-13,"Brooklyn",TRUE,18990,38,2,0.2,NA
2025-02-13,"Manhattan",FALSE,NA,38,2,0.2,NA
2025-02-13,"Manhattan",TRUE,NA,38,2,0.2,NA
2025-02-13,"Queens",FALSE,NA,38,2,0.2,NA
2025-02-14,"Bronx",FALSE,241792,32,0,0,NA
2025-02-14,"Brooklyn",FALSE,NA,32,0,0,NA
2025-02-14,"Brooklyn",TRUE,19038,32,0,0,NA
2025-02-14,"Manhattan",FALSE,NA,32,0,0,NA
2025-02-14,"Manhattan",TRUE,NA,32,0,0,NA
2025-02-14,"Queens",FALSE,NA,32,0,0,NA
2025-02-15,"Bronx",FALSE,131791,28,0,0.53,NA
2025-02-15,"Brooklyn",FALSE,NA,28,0,0.53,NA
2025-02-15,"Brooklyn",TRUE,14340,28,0,0.53,NA
2025-02-15,"Manhattan",FALSE,NA,28,0,0.53,NA
2025-02-15,"Manhattan",TRUE,NA,28,0,0.53,NA
2025-02-15,"Queens",FALSE,NA,28,0,0.53,NA
2025-02-16,"Bronx",FALSE,97576,36,0,1.1,NA
2025-02-16,"Brooklyn",FALSE,NA,36,0,1.1,NA
2025-02-16,"Brooklyn",TRUE,10799,36,0,1.1,NA
2025-02-16,"Manhattan",FALSE,NA,36,0,1.1,NA
2025-02-16,"Manhattan",TRUE,NA,36,0,1.1,NA
2025-02-16,"Queens",FALSE,230197,36,0,1.1,NA
2025-02-17,"Bronx",FALSE,160169,29,0,0,NA
2025-02-17,"Brooklyn",FALSE,NA,29,0,0,NA
2025-02-17,"Brooklyn",TRUE,16027,29,0,0,NA
2025-02-17,"Manhattan",FALSE,NA,29,0,0,NA
2025-02-17,"Manhattan",TRUE,NA,29,0,0,NA
2025-02-17,"Queens",FALSE,NA,29,0,0,NA
2025-02-18,"Bronx",FALSE,227698,22,0,0,NA
2025-02-18,"Brooklyn",FALSE,NA,22,0,0,NA
2025-02-18,"Brooklyn",TRUE,NA,22,0,0,NA
2025-02-18,"Manhattan",FALSE,NA,22,0,0,NA
2025-02-18,"Manhattan",TRUE,NA,22,0,0,NA
2025-02-18,"Queens",FALSE,NA,22,0,0,NA
2025-02-19,"Bronx",FALSE,231581,20,0,0,NA
2025-02-19,"Brooklyn",FALSE,NA,20,0,0,NA
2025-02-19,"Brooklyn",TRUE,NA,20,0,0,NA
2025-02-19,"Manhattan",FALSE,NA,20,0,0,NA
2025-02-19,"Manhattan",TRUE,NA,20,0,0,NA
2025-02-19,"Queens",FALSE,NA,20,0,0,NA
2025-02-20,"Bronx",FALSE,231172,20,0,0,NA
2025-02-20,"Brooklyn",FALSE,NA,20,0,0,NA
2025-02-20,"Brooklyn",TRUE,NA,20,0,0,NA
2025-02-20,"Manhattan",FALSE,NA,20,0,0,NA
2025-02-20,"Manhattan",TRUE,NA,20,0,0,NA
2025-02-20,"Queens",FALSE,NA,20,0,0,NA
2025-02-21,"Bronx",FALSE,223515,24,0,0,NA
2025-02-21,"Brooklyn",FALSE,NA,24,0,0,NA
2025-02-21,"Brooklyn",TRUE,19063,24,0,0,NA
2025-02-21,"Manhattan",FALSE,NA,24,0,0,NA
2025-02-21,"Manhattan",TRUE,NA,24,0,0,NA
2025-02-21,"Queens",FALSE,NA,24,0,0,NA
2025-02-22,"Bronx",FALSE,139277,23,0,0,NA
2025-02-22,"Brooklyn",FALSE,NA,23,0,0,NA
2025-02-22,"Brooklyn",TRUE,17498,23,0,0,NA
2025-02-22,"Manhattan",FALSE,NA,23,0,0,NA
2025-02-22,"Manhattan",TRUE,NA,23,0,0,NA
2025-02-22,"Queens",FALSE,NA,23,0,0,NA
2025-02-23,"Bronx",FALSE,106134,33,0,0,NA
2025-02-23,"Brooklyn",FALSE,NA,33,0,0,NA
2025-02-23,"Brooklyn",TRUE,13669,33,0,0,NA
2025-02-23,"Manhattan",FALSE,NA,33,0,0,NA
2025-02-23,"Manhattan",TRUE,NA,33,0,0,NA
2025-02-23,"Queens",FALSE,NA,33,0,0,NA
2025-02-24,"Bronx",FALSE,246743,33,0,0,NA
2025-02-24,"Brooklyn",FALSE,NA,33,0,0,NA
2025-02-24,"Brooklyn",TRUE,18147,33,0,0,NA
2025-02-24,"Manhattan",FALSE,NA,33,0,0,NA
2025-02-24,"Manhattan",TRUE,NA,33,0,0,NA
2025-02-24,"Queens",FALSE,NA,33,0,0,NA
2025-02-25,"Bronx",FALSE,256675,39,0,0,NA
2025-02-25,"Brooklyn",FALSE,NA,39,0,0,NA
2025-02-25,"Brooklyn",TRUE,NA,39,0,0,NA
2025-02-25,"Manhattan",FALSE,NA,39,0,0,NA
2025-02-25,"Manhattan",TRUE,NA,39,0,0,NA
2025-02-25,"Queens",FALSE,NA,39,0,0,NA
2025-02-26,"Bronx",FALSE,261050,39,0,0,NA
2025-02-26,"Brooklyn",FALSE,NA,39,0,0,NA
2025-02-26,"Brooklyn",TRUE,NA,39,0,0,NA
2025-02-26,"Manhattan",FALSE,NA,39,0,0,NA
2025-02-26,"Manhattan",TRUE,NA,39,0,0,NA
2025-02-26,"Queens",FALSE,NA,39,0,0,NA
2025-02-27,"Bronx",FALSE,255075,44,0,0,NA
2025-02-27,"Brooklyn",FALSE,NA,44,0,0,NA
2025-02-27,"Brooklyn",TRUE,NA,44,0,0,NA
2025-02-27,"Manhattan",FALSE,NA,44,0,0,NA
2025-02-27,"Manhattan",TRUE,NA,44,0,0,NA
2025-02-27,"Queens",FALSE,NA,44,0,0,NA
2025-02-28,"Bronx",FALSE,249709,42,0,0,NA
2025-02-28,"Brooklyn",FALSE,NA,42,0,0,NA
2025-02-28,"Brooklyn",TRUE,20617,42,0,0,NA
2025-02-28,"Manhattan",FALSE,NA,42,0,0,NA
2025-02-28,"Manhattan",TRUE,NA,42,0,0,NA
2025-02-28,"Queens",FALSE,NA,42,0,0,NA
2025-03-01,"Bronx",FALSE,144892,30,0,0,4.4
2025-03-01,"Brooklyn",FALSE,NA,30,0,0,4.4
2025-03-01,"Brooklyn",TRUE,18412,30,0,0,4.4
2025-03-01,"Manhattan",FALSE,NA,30,0,0,4.4
2025-03-01,"Manhattan",TRUE,NA,30,0,0,4.4
2025-03-01,"Queens",FALSE,NA,30,0,0,4.4
2025-03-02,"Bronx",FALSE,104321,23,0,0,NA
2025-03-02,"Brooklyn",FALSE,NA,23,0,0,NA
2025-03-02,"Brooklyn",TRUE,13263,23,0,0,NA
2025-03-02,"Manhattan",FALSE,NA,23,0,0,NA
2025-03-02,"Manhattan",TRUE,NA,23,0,0,NA
2025-03-02,"Queens",FALSE,NA,23,0,0,NA
2025-03-03,"Bronx",FALSE,245806,24,0,0,NA
2025-03-03,"Brooklyn",FALSE,NA,24,0,0,NA
2025-03-03,"Brooklyn",TRUE,19167,24,0,0,NA
2025-03-03,"Manhattan",FALSE,NA,24,0,0,NA
2025-03-03,"Manhattan",TRUE,NA,24,0,0,NA
2025-03-03,"Queens",FALSE,NA,24,0,0,NA
2025-03-04,"Bronx",FALSE,258021,30,0,0,NA
2025-03-04,"Brooklyn",FALSE,NA,30,0,0,NA
2025-03-04,"Brooklyn",TRUE,NA,30,0,0,NA
2025-03-04,"Manhattan",FALSE,NA,30,0,0,NA
2025-03-04,"Manhattan",TRUE,NA,30,0,0,NA
2025-03-04,"Queens",FALSE,NA,30,0,0,NA
2025-03-05,"Bronx",FALSE,251298,42,0,1.49,NA
2025-03-05,"Brooklyn",FALSE,NA,42,0,1.49,NA
2025-03-05,"Brooklyn",TRUE,NA,42,0,1.49,NA
2025-03-05,"Manhattan",FALSE,NA,42,0,1.49,NA
2025-03-05,"Manhattan",TRUE,NA,42,0,1.49,NA
2025-03-05,"Queens",FALSE,NA,42,0,1.49,NA
2025-03-06,"Bronx",FALSE,256300,38,0,0.01,NA
2025-03-06,"Brooklyn",FALSE,NA,38,0,0.01,NA
2025-03-06,"Brooklyn",TRUE,NA,38,0,0.01,NA
2025-03-06,"Manhattan",FALSE,NA,38,0,0.01,NA
2025-03-06,"Manhattan",TRUE,NA,38,0,0.01,NA
2025-03-06,"Queens",FALSE,NA,38,0,0.01,NA
2025-03-07,"Bronx",FALSE,246944,37,0,0,NA
2025-03-07,"Brooklyn",FALSE,NA,37,0,0,NA
2025-03-07,"Brooklyn",TRUE,20216,37,0,0,NA
2025-03-07,"Manhattan",FALSE,NA,37,0,0,NA
2025-03-07,"Manhattan",TRUE,NA,37,0,0,NA
2025-03-07,"Queens",FALSE,NA,37,0,0,NA
2025-03-08,"Bronx",FALSE,NA,38,0,0,NA
2025-03-08,"Brooklyn",FALSE,NA,38,0,0,NA
2025-03-08,"Brooklyn",TRUE,17799,38,0,0,NA
2025-03-08,"Manhattan",FALSE,NA,38,0,0,NA
2025-03-08,"Manhattan",TRUE,NA,38,0,0,NA
2025-03-08,"Queens",FALSE,NA,38,0,0,NA
2025-03-09,"Bronx",FALSE,106512,34,0,0,NA
2025-03-09,"Brooklyn",FALSE,NA,34,0,0,NA
2025-03-09,"Brooklyn",TRUE,14583,34,0,0,NA
2025-03-09,"Manhattan",FALSE,NA,34,0,0,NA
2025-03-09,"Manhattan",TRUE,NA,34,0,0,NA
2025-03-09,"Queens",FALSE,NA,34,0,0,NA
2025-03-10,"Bronx",FALSE,248858,39,0,0,NA
2025-03-10,"Brooklyn",FALSE,NA,39,0,0,NA
2025-03-10,"Brooklyn",TRUE,20779,39,0,0,NA
2025-03-10,"Manhattan",FALSE,NA,39,0,0,NA
2025-03-10,"Manhattan",TRUE,NA,39,0,0,NA
2025-03-10,"Queens",FALSE,NA,39,0,0,NA
2025-03-11,"Bronx",FALSE,260181,37,0,0,NA
2025-03-11,"Brooklyn",FALSE,NA,37,0,0,NA
2025-03-11,"Brooklyn",TRUE,NA,37,0,0,NA
2025-03-11,"Manhattan",FALSE,NA,37,0,0,NA
2025-03-11,"Manhattan",TRUE,NA,37,0,0,NA
2025-03-11,"Queens",FALSE,NA,37,0,0,NA
2025-03-12,"Bronx",FALSE,259738,42,0,0,NA
2025-03-12,"Brooklyn",FALSE,NA,42,0,0,NA
2025-03-12,"Brooklyn",TRUE,NA,42,0,0,NA
2025-03-12,"Manhattan",FALSE,NA,42,0,0,NA
2025-03-12,"Manhattan",TRUE,NA,42,0,0,NA
2025-03-12,"Queens",FALSE,NA,42,0,0,NA
2025-03-13,"Bronx",FALSE,258952,38,0,0,NA
2025-03-13,"Brooklyn",FALSE,NA,38,0,0,NA
2025-03-13,"Brooklyn",TRUE,22140,38,0,0,NA
2025-03-13,"Manhattan",FALSE,NA,38,0,0,NA
2025-03-13,"Manhattan",TRUE,NA,38,0,0,NA
2025-03-13,"Queens",FALSE,NA,38,0,0,NA
2025-03-14,"Bronx",FALSE,249279,42,0,0,NA
2025-03-14,"Brooklyn",FALSE,NA,42,0,0,NA
2025-03-14,"Brooklyn",TRUE,20683,42,0,0,NA
2025-03-14,"Manhattan",FALSE,NA,42,0,0,NA
2025-03-14,"Manhattan",TRUE,NA,42,0,0,NA
2025-03-14,"Queens",FALSE,NA,42,0,0,NA
2025-03-15,"Bronx",FALSE,NA,43,0,0.01,NA
2025-03-15,"Brooklyn",FALSE,NA,43,0,0.01,NA
2025-03-15,"Brooklyn",TRUE,19530,43,0,0.01,NA
2025-03-15,"Manhattan",FALSE,NA,43,0,0.01,NA
2025-03-15,"Manhattan",TRUE,NA,43,0,0.01,NA
2025-03-15,"Queens",FALSE,NA,43,0,0.01,NA
2025-03-16,"Bronx",FALSE,99661,48,0,0.06,NA
2025-03-16,"Brooklyn",FALSE,NA,48,0,0.06,NA
2025-03-16,"Brooklyn",TRUE,15844,48,0,0.06,NA
2025-03-16,"Manhattan",FALSE,NA,48,0,0.06,NA
2025-03-16,"Manhattan",TRUE,NA,48,0,0.06,NA
2025-03-16,"Queens",FALSE,NA,48,0,0.06,NA
2025-03-17,"Bronx",FALSE,240123,41,0,0.82,NA
2025-03-17,"Brooklyn",FALSE,NA,41,0,0.82,NA
2025-03-17,"Brooklyn",TRUE,18168,41,0,0.82,NA
2025-03-17,"Manhattan",FALSE,NA,41,0,0.82,NA
2025-03-17,"Manhattan",TRUE,NA,41,0,0.82,NA
2025-03-17,"Queens",FALSE,NA,41,0,0.82,NA
2025-03-18,"Bronx",FALSE,259267,37,0,0,NA
2025-03-18,"Brooklyn",FALSE,NA,37,0,0,NA
2025-03-18,"Brooklyn",TRUE,NA,37,0,0,NA
2025-03-18,"Manhattan",FALSE,NA,37,0,0,NA
2025-03-18,"Manhattan",TRUE,NA,37,0,0,NA
2025-03-18,"Queens",FALSE,NA,37,0,0,NA
2025-03-19,"Bronx",FALSE,263649,38,0,0,NA
2025-03-19,"Brooklyn",FALSE,NA,38,0,0,NA
2025-03-19,"Brooklyn",TRUE,NA,38,0,0,NA
2025-03-19,"Manhattan",FALSE,NA,38,0,0,NA
2025-03-19,"Manhattan",TRUE,NA,38,0,0,NA
2025-03-19,"Queens",FALSE,NA,38,0,0,NA
2025-03-20,"Bronx",FALSE,258401,42,0,0.41,NA
2025-03-20,"Brooklyn",FALSE,NA,42,0,0.41,NA
2025-03-20,"Brooklyn",TRUE,NA,42,0,0.41,NA
2025-03-20,"Manhattan",FALSE,NA,42,0,0.41,NA
2025-03-20,"Manhattan",TRUE,NA,42,0,0.41,NA
2025-03-20,"Queens",FALSE,NA,42,0,0.41,NA
2025-03-21,"Bronx",FALSE,250818,40,0,0.06,NA
2025-03-21,"Brooklyn",FALSE,NA,40,0,0.06,NA
2025-03-21,"Brooklyn",TRUE,20879,40,0,0.06,NA
2025-03-21,"Manhattan",FALSE,NA,40,0,0.06,NA
2025-03-21,"Manhattan",TRUE,NA,40,0,0.06,NA
2025-03-21,"Queens",FALSE,NA,40,0,0.06,NA
2025-03-22,"Bronx",FALSE,144240,38,0,0,NA
2025-03-22,"Brooklyn",FALSE,NA,38,0,0,NA
2025-03-22,"Brooklyn",TRUE,21304,38,0,0,NA
2025-03-22,"Manhattan",FALSE,NA,38,0,0,NA
2025-03-22,"Manhattan",TRUE,NA,38,0,0,NA
2025-03-22,"Queens",FALSE,NA,38,0,0,NA
2025-03-23,"Bronx",FALSE,104963,32,0,0,NA
2025-03-23,"Brooklyn",FALSE,NA,32,0,0,NA
2025-03-23,"Brooklyn",TRUE,16804,32,0,0,NA
2025-03-23,"Manhattan",FALSE,NA,32,0,0,NA
2025-03-23,"Manhattan",TRUE,NA,32,0,0,NA
2025-03-23,"Queens",FALSE,NA,32,0,0,NA
2025-03-24,"Bronx",FALSE,236628,40,0,0.83,NA
2025-03-24,"Brooklyn",FALSE,NA,40,0,0.83,NA
2025-03-24,"Brooklyn",TRUE,16580,40,0,0.83,NA
2025-03-24,"Manhattan",FALSE,NA,40,0,0.83,NA
2025-03-24,"Manhattan",TRUE,NA,40,0,0.83,NA
2025-03-24,"Queens",FALSE,NA,40,0,0.83,NA
2025-03-25,"Bronx",FALSE,259444,44,0,0,NA
2025-03-25,"Brooklyn",FALSE,NA,44,0,0,NA
2025-03-25,"Brooklyn",TRUE,NA,44,0,0,NA
2025-03-25,"Manhattan",FALSE,NA,44,0,0,NA
2025-03-25,"Manhattan",TRUE,NA,44,0,0,NA
2025-03-25,"Queens",FALSE,NA,44,0,0,NA
2025-03-26,"Bronx",FALSE,259967,39,0,0.01,NA
2025-03-26,"Brooklyn",FALSE,NA,39,0,0.01,NA
2025-03-26,"Brooklyn",TRUE,NA,39,0,0.01,NA
2025-03-26,"Manhattan",FALSE,NA,39,0,0.01,NA
2025-03-26,"Manhattan",TRUE,NA,39,0,0.01,NA
2025-03-26,"Queens",FALSE,NA,39,0,0.01,NA
2025-03-27,"Bronx",FALSE,NA,35,0,0,NA
2025-03-27,"Brooklyn",FALSE,NA,35,0,0,NA
2025-03-27,"Brooklyn",TRUE,NA,35,0,0,NA
2025-03-27,"Manhattan",FALSE,NA,35,0,0,NA
2025-03-27,"Manhattan",TRUE,NA,35,0,0,NA
2025-03-27,"Queens",FALSE,NA,35,0,0,NA
2025-03-28,"Bronx",FALSE,251402,42,0,0.01,NA
2025-03-28,"Brooklyn",FALSE,NA,42,0,0.01,NA
2025-03-28,"Brooklyn",TRUE,21424,42,0,0.01,NA
2025-03-28,"Manhattan",FALSE,NA,42,0,0.01,NA
2025-03-28,"Manhattan",TRUE,NA,42,0,0.01,NA
2025-03-28,"Queens",FALSE,NA,42,0,0.01,NA
2025-03-29,"Bronx",FALSE,NA,44,0,0.01,NA
2025-03-29,"Brooklyn",FALSE,NA,44,0,0.01,NA
2025-03-29,"Brooklyn",TRUE,NA,44,0,0.01,NA
2025-03-29,"Manhattan",FALSE,NA,44,0,0.01,NA
2025-03-29,"Manhattan",TRUE,NA,44,0,0.01,NA
2025-03-29,"Queens",FALSE,NA,44,0,0.01,NA
2025-03-30,"Bronx",FALSE,NA,44,0,0.02,NA
2025-03-30,"Brooklyn",FALSE,NA,44,0,0.02,NA
2025-03-30,"Brooklyn",TRUE,15376,44,0,0.02,NA
2025-03-30,"Manhattan",FALSE,NA,44,0,0.02,NA
2025-03-30,"Manhattan",TRUE,NA,44,0,0.02,NA
2025-03-30,"Queens",FALSE,NA,44,0,0.02,NA
2025-03-31,"Bronx",FALSE,220560,48,0,0.51,NA
2025-03-31,"Brooklyn",FALSE,NA,48,0,0.51,NA
2025-03-31,"Brooklyn",TRUE,18557,48,0,0.51,NA
2025-03-31,"Manhattan",FALSE,NA,48,0,0.51,NA
2025-03-31,"Manhattan",TRUE,NA,48,0,0.51,NA
2025-03-31,"Queens",FALSE,NA,48,0,0.51,NA
2025-04-01,"Bronx",FALSE,NA,43,0,0.12,4.1
2025-04-01,"Brooklyn",FALSE,NA,43,0,0.12,4.1
2025-04-01,"Brooklyn",TRUE,NA,43,0,0.12,4.1
2025-04-01,"Manhattan",FALSE,NA,43,0,0.12,4.1
2025-04-01,"Manhattan",TRUE,NA,43,0,0.12,4.1
2025-04-01,"Queens",FALSE,NA,43,0,0.12,4.1
2025-04-02,"Bronx",FALSE,NA,37,0,0.01,NA
2025-04-02,"Brooklyn",FALSE,NA,37,0,0.01,NA
2025-04-02,"Brooklyn",TRUE,NA,37,0,0.01,NA
2025-04-02,"Manhattan",FALSE,NA,37,0,0.01,NA
2025-04-02,"Manhattan",TRUE,NA,37,0,0.01,NA
2025-04-02,"Queens",FALSE,NA,37,0,0.01,NA
2025-04-03,"Bronx",FALSE,NA,45,0,0.09,NA
2025-04-03,"Brooklyn",FALSE,NA,45,0,0.09,NA
2025-04-03,"Brooklyn",TRUE,NA,45,0,0.09,NA
2025-04-03,"Manhattan",FALSE,NA,45,0,0.09,NA
2025-04-03,"Manhattan",TRUE,NA,45,0,0.09,NA
2025-04-03,"Queens",FALSE,NA,45,0,0.09,NA
2025-04-04,"Bronx",FALSE,252883,57,0,0.09,NA
2025-04-04,"Brooklyn",FALSE,NA,57,0,0.09,NA
2025-04-04,"Brooklyn",TRUE,21843,57,0,0.09,NA
2025-04-04,"Manhattan",FALSE,NA,57,0,0.09,NA
2025-04-04,"Manhattan",TRUE,NA,57,0,0.09,NA
2025-04-04,"Queens",FALSE,NA,57,0,0.09,NA
2025-04-05,"Bronx",FALSE,134023,45,0,0.15,NA
2025-04-05,"Brooklyn",FALSE,NA,45,0,0.15,NA
2025-04-05,"Brooklyn",TRUE,18141,45,0,0.15,NA
2025-04-05,"Manhattan",FALSE,NA,45,0,0.15,NA
2025-04-05,"Manhattan",TRUE,NA,45,0,0.15,NA
2025-04-05,"Queens",FALSE,NA,45,0,0.15,NA
2025-04-06,"Bronx",FALSE,NA,45,0,0.02,NA
2025-04-06,"Brooklyn",FALSE,NA,45,0,0.02,NA
2025-04-06,"Brooklyn",TRUE,16848,45,0,0.02,NA
2025-04-06,"Manhattan",FALSE,NA,45,0,0.02,NA
2025-04-06,"Manhattan",TRUE,NA,45,0,0.02,NA
2025-04-06,"Queens",FALSE,NA,45,0,0.02,NA
2025-04-07,"Bronx",FALSE,245226,40,0,0.17,NA
2025-04-07,"Brooklyn",FALSE,NA,40,0,0.17,NA
2025-04-07,"Brooklyn",TRUE,18635,40,0,0.17,NA
2025-04-07,"Manhattan",FALSE,NA,40,0,0.17,NA
2025-04-07,"Manhattan",TRUE,NA,40,0,0.17,NA
2025-04-07,"Queens",FALSE,NA,40,0,0.17,NA
2025-04-08,"Bronx",FALSE,261887,36,0,0.01,NA
2025-04-08,"Brooklyn",FALSE,NA,36,0,0.01,NA
2025-04-08,"Brooklyn",TRUE,NA,36,0,0.01,NA
2025-04-08,"Manhattan",FALSE,NA,36,0,0.01,NA
2025-04-08,"Manhattan",TRUE,NA,36,0,0.01,NA
2025-04-08,"Queens",FALSE,NA,36,0,0.01,NA
2025-04-09,"Bronx",FALSE,261109,32,0,0,NA
2025-04-09,"Brooklyn",FALSE,NA,32,0,0,NA
2025-04-09,"Brooklyn",TRUE,NA,32,0,0,NA
2025-04-09,"Manhattan",FALSE,NA,32,0,0,NA
2025-04-09,"Manhattan",TRUE,NA,32,0,0,NA
2025-04-09,"Queens",FALSE,NA,32,0,0,NA
2025-04-10,"Bronx",FALSE,261748,39,0,0,NA
2025-04-10,"Brooklyn",FALSE,NA,39,0,0,NA
2025-04-10,"Brooklyn",TRUE,NA,39,0,0,NA
2025-04-10,"Manhattan",FALSE,NA,39,0,0,NA
2025-04-10,"Manhattan",TRUE,NA,39,0,0,NA
2025-04-10,"Queens",FALSE,NA,39,0,0,NA
2025-04-11,"Bronx",FALSE,NA,40,0,0.45,NA
2025-04-11,"Brooklyn",FALSE,NA,40,0,0.45,NA
2025-04-11,"Brooklyn",TRUE,18970,40,0,0.45,NA
2025-04-11,"Manhattan",FALSE,NA,40,0,0.45,NA
2025-04-11,"Manhattan",TRUE,NA,40,0,0.45,NA
2025-04-11,"Queens",FALSE,NA,40,0,0.45,NA
2025-04-12,"Bronx",FALSE,NA,38,0,0.57,NA
2025-04-12,"Brooklyn",FALSE,NA,38,0,0.57,NA
2025-04-12,"Brooklyn",TRUE,16130,38,0,0.57,NA
2025-04-12,"Manhattan",FALSE,NA,38,0,0.57,NA
2025-04-12,"Manhattan",TRUE,NA,38,0,0.57,NA
2025-04-12,"Queens",FALSE,NA,38,0,0.57,NA
2025-04-13,"Bronx",FALSE,NA,40,0,0.04,NA
2025-04-13,"Brooklyn",FALSE,NA,40,0,0.04,NA
2025-04-13,"Brooklyn",TRUE,20907,40,0,0.04,NA
2025-04-13,"Manhattan",FALSE,NA,40,0,0.04,NA
2025-04-13,"Manhattan",TRUE,NA,40,0,0.04,NA
2025-04-13,"Queens",FALSE,NA,40,0,0.04,NA
2025-04-14,"Bronx",FALSE,NA,43,0,0.03,NA
2025-04-14,"Brooklyn",FALSE,NA,43,0,0.03,NA
2025-04-14,"Brooklyn",TRUE,NA,43,0,0.03,NA
2025-04-14,"Manhattan",FALSE,NA,43,0,0.03,NA
2025-04-14,"Manhattan",TRUE,NA,43,0,0.03,NA
2025-04-14,"Queens",FALSE,NA,43,0,0.03,NA
2025-04-15,"Bronx",FALSE,NA,47,0,0.01,NA
2025-04-15,"Brooklyn",FALSE,NA,47,0,0.01,NA
2025-04-15,"Brooklyn",TRUE,NA,47,0,0.01,NA
2025-04-15,"Manhattan",FALSE,NA,47,0,0.01,NA
2025-04-15,"Manhattan",TRUE,NA,47,0,0.01,NA
2025-04-15,"Queens",FALSE,NA,47,0,0.01,NA
2025-04-16,"Bronx",FALSE,NA,45,0,0,NA
2025-04-16,"Brooklyn",FALSE,NA,45,0,0,NA
2025-04-16,"Brooklyn",TRUE,NA,45,0,0,NA
2025-04-16,"Manhattan",FALSE,NA,45,0,0,NA
2025-04-16,"Manhattan",TRUE,NA,45,0,0,NA
2025-04-16,"Queens",FALSE,NA,45,0,0,NA
2025-04-17,"Bronx",FALSE,240649,43,0,0,NA
2025-04-17,"Brooklyn",FALSE,NA,43,0,0,NA
2025-04-17,"Brooklyn",TRUE,NA,43,0,0,NA
2025-04-17,"Manhattan",FALSE,NA,43,0,0,NA
2025-04-17,"Manhattan",TRUE,NA,43,0,0,NA
2025-04-17,"Queens",FALSE,NA,43,0,0,NA
2025-04-18,"Bronx",FALSE,213237,40,0,0,NA
2025-04-18,"Brooklyn",FALSE,NA,40,0,0,NA
2025-04-18,"Brooklyn",TRUE,NA,40,0,0,NA
2025-04-18,"Manhattan",FALSE,NA,40,0,0,NA
2025-04-18,"Manhattan",TRUE,NA,40,0,0,NA
2025-04-18,"Queens",FALSE,NA,40,0,0,NA
2025-04-19,"Bronx",FALSE,149272,52,0,0,NA
2025-04-19,"Brooklyn",FALSE,NA,52,0,0,NA
2025-04-19,"Brooklyn",TRUE,NA,52,0,0,NA
2025-04-19,"Manhattan",FALSE,NA,52,0,0,NA
2025-04-19,"Manhattan",TRUE,NA,52,0,0,NA
2025-04-19,"Queens",FALSE,NA,52,0,0,NA
2025-04-20,"Bronx",FALSE,109441,52,0,0,NA
2025-04-20,"Brooklyn",FALSE,NA,52,0,0,NA
2025-04-20,"Brooklyn",TRUE,20741,52,0,0,NA
2025-04-20,"Manhattan",FALSE,NA,52,0,0,NA
2025-04-20,"Manhattan",TRUE,NA,52,0,0,NA
2025-04-20,"Queens",FALSE,NA,52,0,0,NA
2025-04-21,"Bronx",FALSE,241112,47,0,0,NA
2025-04-21,"Brooklyn",FALSE,NA,47,0,0,NA
2025-04-21,"Brooklyn",TRUE,20264,47,0,0,NA
2025-04-21,"Manhattan",FALSE,NA,47,0,0,NA
2025-04-21,"Manhattan",TRUE,NA,47,0,0,NA
2025-04-21,"Queens",FALSE,NA,47,0,0,NA
2025-04-22,"Bronx",FALSE,259940,50,NA,0,NA
2025-04-22,"Brooklyn",FALSE,NA,50,NA,0,NA
2025-04-22,"Brooklyn",TRUE,NA,50,NA,0,NA
2025-04-22,"Manhattan",FALSE,NA,50,NA,0,NA
2025-04-22,"Manhattan",TRUE,NA,50,NA,0,NA
2025-04-22,"Queens",FALSE,NA,50,NA,0,NA
2025-04-23,"Bronx",FALSE,263726,50,0,0,NA
2025-04-23,"Brooklyn",FALSE,NA,50,0,0,NA
2025-04-23,"Brooklyn",TRUE,NA,50,0,0,NA
2025-04-23,"Manhattan",FALSE,NA,50,0,0,NA
2025-04-23,"Manhattan",TRUE,NA,50,0,0,NA
2025-04-23,"Queens",FALSE,NA,50,0,0,NA
2025-04-24,"Bronx",FALSE,262768,47,0,0,NA
2025-04-24,"Brooklyn",FALSE,NA,47,0,0,NA
2025-04-24,"Brooklyn",TRUE,NA,47,0,0,NA
2025-04-24,"Manhattan",FALSE,NA,47,0,0,NA
2025-04-24,"Manhattan",TRUE,NA,47,0,0,NA
2025-04-24,"Queens",FALSE,NA,47,0,0,NA
2025-04-25,"Bronx",FALSE,NA,52,0,0,NA
2025-04-25,"Brooklyn",FALSE,NA,52,0,0,NA
2025-04-25,"Brooklyn",TRUE,26134,52,0,0,NA
2025-04-25,"Manhattan",FALSE,NA,52,0,0,NA
2025-04-25,"Manhattan",TRUE,NA,52,0,0,NA
2025-04-25,"Queens",FALSE,NA,52,0,0,NA
2025-04-26,"Bronx",FALSE,147691,54,0,0.41,NA
2025-04-26,"Brooklyn",FALSE,NA,54,0,0.41,NA
2025-04-26,"Brooklyn",TRUE,20992,54,0,0.41,NA
2025-04-26,"Manhattan",FALSE,NA,54,0,0.41,NA
2025-04-26,"Manhattan",TRUE,NA,54,0,0.41,NA
2025-04-26,"Queens",FALSE,NA,54,0,0.41,NA
2025-04-27,"Bronx",FALSE,NA,49,0,0,NA
2025-04-27,"Brooklyn",FALSE,NA,49,0,0,NA
2025-04-27,"Brooklyn",TRUE,23272,49,0,0,NA
2025-04-27,"Manhattan",FALSE,NA,49,0,0,NA
2025-04-27,"Manhattan",TRUE,NA,49,0,0,NA
2025-04-27,"Queens",FALSE,NA,49,0,0,NA
2025-04-28,"Bronx",FALSE,250964,53,0,0,NA
2025-04-28,"Brooklyn",FALSE,NA,53,0,0,NA
2025-04-28,"Brooklyn",TRUE,23659,53,0,0,NA
2025-04-28,"Manhattan",FALSE,NA,53,0,0,NA
2025-04-28,"Manhattan",TRUE,NA,53,0,0,NA
2025-04-28,"Queens",FALSE,NA,53,0,0,NA
2025-04-29,"Bronx",FALSE,262859,50,0,0,NA
2025-04-29,"Brooklyn",FALSE,NA,50,0,0,NA
2025-04-29,"Brooklyn",TRUE,NA,50,0,0,NA
2025-04-29,"Manhattan",FALSE,NA,50,0,0,NA
2025-04-29,"Manhattan",TRUE,NA,50,0,0,NA
2025-04-29,"Queens",FALSE,NA,50,0,0,NA
2025-04-30,"Bronx",FALSE,264698,58,0,0,NA
2025-04-30,"Brooklyn",FALSE,NA,58,0,0,NA
2025-04-30,"Brooklyn",TRUE,NA,58,0,0,NA
2025-04-30,"Manhattan",FALSE,NA,58,0,0,NA
2025-04-30,"Manhattan",TRUE,NA,58,0,0,NA
2025-04-30,"Queens",FALSE,NA,58,0,0,NA
2025-05-01,"Bronx",FALSE,265234,50,0,0,4
2025-05-01,"Brooklyn",FALSE,NA,50,0,0,4
2025-05-01,"Brooklyn",TRUE,NA,50,0,0,4
2025-05-01,"Manhattan",FALSE,NA,50,0,0,4
2025-05-01,"Manhattan",TRUE,NA,50,0,0,4
2025-05-01,"Queens",FALSE,NA,50,0,0,4
2025-05-02,"Bronx",FALSE,NA,56,0,0,NA
2025-05-02,"Brooklyn",FALSE,NA,56,0,0,NA
2025-05-02,"Brooklyn",TRUE,NA,56,0,0,NA
2025-05-02,"Manhattan",FALSE,NA,56,0,0,NA
2025-05-02,"Manhattan",TRUE,NA,56,0,0,NA
2025-05-02,"Queens",FALSE,NA,56,0,0,NA
2025-05-03,"Bronx",FALSE,NA,55,0,0,NA
2025-05-03,"Brooklyn",FALSE,NA,55,0,0,NA
2025-05-03,"Brooklyn",TRUE,26084,55,0,0,NA
2025-05-03,"Manhattan",FALSE,NA,55,0,0,NA
2025-05-03,"Manhattan",TRUE,NA,55,0,0,NA
2025-05-03,"Queens",FALSE,NA,55,0,0,NA
2025-05-04,"Bronx",FALSE,NA,58,0,0.41,NA
2025-05-04,"Brooklyn",FALSE,NA,58,0,0.41,NA
2025-05-04,"Brooklyn",TRUE,18431,58,0,0.41,NA
2025-05-04,"Manhattan",FALSE,NA,58,0,0.41,NA
2025-05-04,"Manhattan",TRUE,NA,58,0,0.41,NA
2025-05-04,"Queens",FALSE,NA,58,0,0.41,NA
2025-05-05,"Bronx",FALSE,NA,59,0,1.02,NA
2025-05-05,"Brooklyn",FALSE,NA,59,0,1.02,NA
2025-05-05,"Brooklyn",TRUE,19673,59,0,1.02,NA
2025-05-05,"Manhattan",FALSE,NA,59,0,1.02,NA
2025-05-05,"Manhattan",TRUE,NA,59,0,1.02,NA
2025-05-05,"Queens",FALSE,NA,59,0,1.02,NA
2025-05-06,"Bronx",FALSE,NA,54,0,0.05,NA
2025-05-06,"Brooklyn",FALSE,NA,54,0,0.05,NA
2025-05-06,"Brooklyn",TRUE,NA,54,0,0.05,NA
2025-05-06,"Manhattan",FALSE,NA,54,0,0.05,NA
2025-05-06,"Manhattan",TRUE,NA,54,0,0.05,NA
2025-05-06,"Queens",FALSE,NA,54,0,0.05,NA
2025-05-07,"Bronx",FALSE,NA,54,0,0,NA
2025-05-07,"Brooklyn",FALSE,NA,54,0,0,NA
2025-05-07,"Brooklyn",TRUE,NA,54,0,0,NA
2025-05-07,"Manhattan",FALSE,NA,54,0,0,NA
2025-05-07,"Manhattan",TRUE,NA,54,0,0,NA
2025-05-07,"Queens",FALSE,NA,54,0,0,NA
2025-05-08,"Bronx",FALSE,264015,58,0,0,NA
2025-05-08,"Brooklyn",FALSE,NA,58,0,0,NA
2025-05-08,"Brooklyn",TRUE,NA,58,0,0,NA
2025-05-08,"Manhattan",FALSE,NA,58,0,0,NA
2025-05-08,"Manhattan",TRUE,NA,58,0,0,NA
2025-05-08,"Queens",FALSE,NA,58,0,0,NA
2025-05-09,"Bronx",FALSE,239701,54,0,0.25,NA
2025-05-09,"Brooklyn",FALSE,NA,54,0,0.25,NA
2025-05-09,"Brooklyn",TRUE,18612,54,0,0.25,NA
2025-05-09,"Manhattan",FALSE,NA,54,0,0.25,NA
2025-05-09,"Manhattan",TRUE,NA,54,0,0.25,NA
2025-05-09,"Queens",FALSE,NA,54,0,0.25,NA
2025-05-10,"Bronx",FALSE,NA,52,0,0,NA
2025-05-10,"Brooklyn",FALSE,NA,52,0,0,NA
2025-05-10,"Brooklyn",TRUE,NA,52,0,0,NA
2025-05-10,"Manhattan",FALSE,NA,52,0,0,NA
2025-05-10,"Manhattan",TRUE,NA,52,0,0,NA
2025-05-10,"Queens",FALSE,NA,52,0,0,NA
2025-05-11,"Bronx",FALSE,119295,54,0,0,NA
2025-05-11,"Brooklyn",FALSE,NA,54,0,0,NA
2025-05-11,"Brooklyn",TRUE,20077,54,0,0,NA
2025-05-11,"Manhattan",FALSE,NA,54,0,0,NA
2025-05-11,"Manhattan",TRUE,NA,54,0,0,NA
2025-05-11,"Queens",FALSE,NA,54,0,0,NA
2025-05-12,"Bronx",FALSE,253096,52,0,0,NA
2025-05-12,"Brooklyn",FALSE,NA,52,0,0,NA
2025-05-12,"Brooklyn",TRUE,NA,52,0,0,NA
2025-05-12,"Manhattan",FALSE,NA,52,0,0,NA
2025-05-12,"Manhattan",TRUE,NA,52,0,0,NA
2025-05-12,"Queens",FALSE,NA,52,0,0,NA
2025-05-13,"Bronx",FALSE,261241,59,0,0.2,NA
2025-05-13,"Brooklyn",FALSE,NA,59,0,0.2,NA
2025-05-13,"Brooklyn",TRUE,NA,59,0,0.2,NA
2025-05-13,"Manhattan",FALSE,NA,59,0,0.2,NA
2025-05-13,"Manhattan",TRUE,NA,59,0,0.2,NA
2025-05-13,"Queens",FALSE,NA,59,0,0.2,NA
2025-05-14,"Bronx",FALSE,251046,60,0,0.62,NA
2025-05-14,"Brooklyn",FALSE,NA,60,0,0.62,NA
2025-05-14,"Brooklyn",TRUE,NA,60,0,0.62,NA
2025-05-14,"Manhattan",FALSE,NA,60,0,0.62,NA
2025-05-14,"Manhattan",TRUE,NA,60,0,0.62,NA
2025-05-14,"Queens",FALSE,NA,60,0,0.62,NA
2025-05-15,"Bronx",FALSE,NA,61,0,0.01,NA
2025-05-15,"Brooklyn",FALSE,NA,61,0,0.01,NA
2025-05-15,"Brooklyn",TRUE,NA,61,0,0.01,NA
2025-05-15,"Manhattan",FALSE,NA,61,0,0.01,NA
2025-05-15,"Manhattan",TRUE,NA,61,0,0.01,NA
2025-05-15,"Queens",FALSE,NA,61,0,0.01,NA
2025-05-16,"Bronx",FALSE,NA,61,0,0.07,NA
2025-05-16,"Brooklyn",FALSE,NA,61,0,0.07,NA
2025-05-16,"Brooklyn",TRUE,NA,61,0,0.07,NA
2025-05-16,"Manhattan",FALSE,NA,61,0,0.07,NA
2025-05-16,"Manhattan",TRUE,NA,61,0,0.07,NA
2025-05-16,"Queens",FALSE,NA,61,0,0.07,NA
2025-05-17,"Bronx",FALSE,NA,61,0,0,NA
2025-05-17,"Brooklyn",FALSE,NA,61,0,0,NA
2025-05-17,"Brooklyn",TRUE,26670,61,0,0,NA
2025-05-17,"Manhattan",FALSE,NA,61,0,0,NA
2025-05-17,"Manhattan",TRUE,NA,61,0,0,NA
2025-05-17,"Queens",FALSE,NA,61,0,0,NA
2025-05-18,"Bronx",FALSE,NA,63,0,0,NA
2025-05-18,"Brooklyn",FALSE,NA,63,0,0,NA
2025-05-18,"Brooklyn",TRUE,21596,63,0,0,NA
2025-05-18,"Manhattan",FALSE,NA,63,0,0,NA
2025-05-18,"Manhattan",TRUE,NA,63,0,0,NA
2025-05-18,"Queens",FALSE,NA,63,0,0,NA
2025-05-19,"Bronx",FALSE,249180,53,0,0,NA
2025-05-19,"Brooklyn",FALSE,NA,53,0,0,NA
2025-05-19,"Brooklyn",TRUE,NA,53,0,0,NA
2025-05-19,"Manhattan",FALSE,NA,53,0,0,NA
2025-05-19,"Manhattan",TRUE,NA,53,0,0,NA
2025-05-19,"Queens",FALSE,NA,53,0,0,NA
2025-05-20,"Bronx",FALSE,NA,50,0,0,NA
2025-05-20,"Brooklyn",FALSE,NA,50,0,0,NA
2025-05-20,"Brooklyn",TRUE,NA,50,0,0,NA
2025-05-20,"Manhattan",FALSE,NA,50,0,0,NA
2025-05-20,"Manhattan",TRUE,NA,50,0,0,NA
2025-05-20,"Queens",FALSE,NA,50,0,0,NA
2025-05-21,"Bronx",FALSE,NA,50,0,0.13,NA
2025-05-21,"Brooklyn",FALSE,NA,50,0,0.13,NA
2025-05-21,"Brooklyn",TRUE,NA,50,0,0.13,NA
2025-05-21,"Manhattan",FALSE,NA,50,0,0.13,NA
2025-05-21,"Manhattan",TRUE,NA,50,0,0.13,NA
2025-05-21,"Queens",FALSE,NA,50,0,0.13,NA
2025-05-22,"Bronx",FALSE,NA,49,0,0.87,NA
2025-05-22,"Brooklyn",FALSE,NA,49,0,0.87,NA
2025-05-22,"Brooklyn",TRUE,NA,49,0,0.87,NA
2025-05-22,"Manhattan",FALSE,NA,49,0,0.87,NA
2025-05-22,"Manhattan",TRUE,NA,49,0,0.87,NA
2025-05-22,"Queens",FALSE,NA,49,0,0.87,NA
2025-05-23,"Bronx",FALSE,246460,48,0,0.05,NA
2025-05-23,"Brooklyn",FALSE,NA,48,0,0.05,NA
2025-05-23,"Brooklyn",TRUE,21505,48,0,0.05,NA
2025-05-23,"Manhattan",FALSE,NA,48,0,0.05,NA
2025-05-23,"Manhattan",TRUE,NA,48,0,0.05,NA
2025-05-23,"Queens",FALSE,NA,48,0,0.05,NA
2025-05-24,"Bronx",FALSE,147437,51,0,0,NA
2025-05-24,"Brooklyn",FALSE,NA,51,0,0,NA
2025-05-24,"Brooklyn",TRUE,23516,51,0,0,NA
2025-05-24,"Manhattan",FALSE,NA,51,0,0,NA
2025-05-24,"Manhattan",TRUE,NA,51,0,0,NA
2025-05-24,"Queens",FALSE,NA,51,0,0,NA
2025-05-25,"Bronx",FALSE,NA,54,0,0,NA
2025-05-25,"Brooklyn",FALSE,NA,54,0,0,NA
2025-05-25,"Brooklyn",TRUE,NA,54,0,0,NA
2025-05-25,"Manhattan",FALSE,NA,54,0,0,NA
2025-05-25,"Manhattan",TRUE,NA,54,0,0,NA
2025-05-25,"Queens",FALSE,NA,54,0,0,NA
2025-05-26,"Bronx",FALSE,136206,54,0,0,NA
2025-05-26,"Brooklyn",FALSE,NA,54,0,0,NA
2025-05-26,"Brooklyn",TRUE,20426,54,0,0,NA
2025-05-26,"Manhattan",FALSE,NA,54,0,0,NA
2025-05-26,"Manhattan",TRUE,NA,54,0,0,NA
2025-05-26,"Queens",FALSE,NA,54,0,0,NA
2025-05-27,"Bronx",FALSE,252012,54,0,0,NA
2025-05-27,"Brooklyn",FALSE,NA,54,0,0,NA
2025-05-27,"Brooklyn",TRUE,NA,54,0,0,NA
2025-05-27,"Manhattan",FALSE,NA,54,0,0,NA
2025-05-27,"Manhattan",TRUE,NA,54,0,0,NA
2025-05-27,"Queens",FALSE,NA,54,0,0,NA
2025-05-28,"Bronx",FALSE,NA,55,0,0.15,NA
2025-05-28,"Brooklyn",FALSE,NA,55,0,0.15,NA
2025-05-28,"Brooklyn",TRUE,NA,55,0,0.15,NA
2025-05-28,"Manhattan",FALSE,NA,55,0,0.15,NA
2025-05-28,"Manhattan",TRUE,NA,55,0,0.15,NA
2025-05-28,"Queens",FALSE,NA,55,0,0.15,NA
2025-05-29,"Bronx",FALSE,255488,57,0,0.12,NA
2025-05-29,"Brooklyn",FALSE,NA,57,0,0.12,NA
2025-05-29,"Brooklyn",TRUE,NA,57,0,0.12,NA
2025-05-29,"Manhattan",FALSE,NA,57,0,0.12,NA
2025-05-29,"Manhattan",TRUE,NA,57,0,0.12,NA
2025-05-29,"Queens",FALSE,NA,57,0,0.12,NA
2025-05-30,"Bronx",FALSE,254134,58,0,0.06,NA
2025-05-30,"Brooklyn",FALSE,NA,58,0,0.06,NA
2025-05-30,"Brooklyn",TRUE,NA,58,0,0.06,NA
2025-05-30,"Manhattan",FALSE,NA,58,0,0.06,NA
2025-05-30,"Manhattan",TRUE,NA,58,0,0.06,NA
2025-05-30,"Queens",FALSE,NA,58,0,0.06,NA
2025-05-31,"Bronx",FALSE,142460,55,0,0.42,NA
2025-05-31,"Brooklyn",FALSE,NA,55,0,0.42,NA
2025-05-31,"Brooklyn",TRUE,20420,55,0,0.42,NA
2025-05-31,"Manhattan",FALSE,NA,55,0,0.42,NA
2025-05-31,"Manhattan",TRUE,NA,55,0,0.42,NA
2025-05-31,"Queens",FALSE,NA,55,0,0.42,NA
2025-06-01,"Bronx",FALSE,1165,52,0,0,4.5
2025-06-01,"Brooklyn",FALSE,NA,52,0,0,4.5
2025-06-01,"Brooklyn",TRUE,232,52,0,0,4.5
2025-06-01,"Manhattan",FALSE,5363,52,0,0,4.5
2025-06-01,"Manhattan",TRUE,NA,52,0,0,4.5
2025-06-01,"Queens",FALSE,3608,52,0,0,4.5
