"date","borough","coords_cbd","ridership"
2024-06-01,"Bronx",FALSE,140211
2024-06-01,"Brooklyn",FALSE,501778
2024-06-01,"Brooklyn",TRUE,20848
2024-06-01,"Manhattan",FALSE,383193
2024-06-01,"Manhattan",TRUE,575531
2024-06-01,"Queens",FALSE,345374
2024-06-02,"Bronx",FALSE,107377
2024-06-02,"Brooklyn",FALSE,403802
2024-06-02,"Brooklyn",TRUE,16680
2024-06-02,"Manhattan",FALSE,318951
2024-06-02,"Manhattan",TRUE,504389
2024-06-02,"Queens",FALSE,278118
2024-06-03,"Bronx",FALSE,219735
2024-06-03,"Brooklyn",FALSE,669757
2024-06-03,"Brooklyn",TRUE,19945
2024-06-03,"Manhattan",FALSE,526885
2024-06-03,"Manhattan",TRUE,708508
2024-06-03,"Queens",FALSE,459704
2024-06-04,"Bronx",FALSE,229239
2024-06-04,"Brooklyn",FALSE,713884
2024-06-04,"Brooklyn",TRUE,21502
2024-06-04,"Manhattan",FALSE,554600
2024-06-04,"Manhattan",TRUE,745531
2024-06-04,"Queens",FALSE,473351
2024-06-05,"Bronx",FALSE,235074
2024-06-05,"Brooklyn",FALSE,716825
2024-06-05,"Brooklyn",TRUE,21458
2024-06-05,"Manhattan",FALSE,559614
2024-06-05,"Manhattan",TRUE,756688
2024-06-05,"Queens",FALSE,472552
2024-06-06,"Bronx",FALSE,219756
2024-06-06,"Brooklyn",FALSE,689957
2024-06-06,"Brooklyn",TRUE,21524
2024-06-06,"Manhattan",FALSE,542215
2024-06-06,"Manhattan",TRUE,754913
2024-06-06,"Queens",FALSE,455050
2024-06-07,"Bronx",FALSE,225817
2024-06-07,"Brooklyn",FALSE,701009
2024-06-07,"Brooklyn",TRUE,22216
2024-06-07,"Manhattan",FALSE,552349
2024-06-07,"Manhattan",TRUE,757835
2024-06-07,"Queens",FALSE,476638
2024-06-08,"Bronx",FALSE,152922
2024-06-08,"Brooklyn",FALSE,500635
2024-06-08,"Brooklyn",TRUE,22145
2024-06-08,"Manhattan",FALSE,427715
2024-06-08,"Manhattan",TRUE,629713
2024-06-08,"Queens",FALSE,357628
2024-06-09,"Bronx",FALSE,118355
2024-06-09,"Brooklyn",FALSE,398863
2024-06-09,"Brooklyn",TRUE,16924
2024-06-09,"Manhattan",FALSE,335618
2024-06-09,"Manhattan",TRUE,541473
2024-06-09,"Queens",FALSE,288686
2024-06-10,"Bronx",FALSE,223122
2024-06-10,"Brooklyn",FALSE,665542
2024-06-10,"Brooklyn",TRUE,21386
2024-06-10,"Manhattan",FALSE,524738
2024-06-10,"Manhattan",TRUE,719274
2024-06-10,"Queens",FALSE,457176
2024-06-11,"Bronx",FALSE,227745
2024-06-11,"Brooklyn",FALSE,698407
2024-06-11,"Brooklyn",TRUE,20358
2024-06-11,"Manhattan",FALSE,553542
2024-06-11,"Manhattan",TRUE,743180
2024-06-11,"Queens",FALSE,473520
2024-06-12,"Bronx",FALSE,225459
2024-06-12,"Brooklyn",FALSE,686657
2024-06-12,"Brooklyn",TRUE,21098
2024-06-12,"Manhattan",FALSE,559193
2024-06-12,"Manhattan",TRUE,754749
2024-06-12,"Queens",FALSE,466153
2024-06-13,"Bronx",FALSE,226780
2024-06-13,"Brooklyn",FALSE,694148
2024-06-13,"Brooklyn",TRUE,22339
2024-06-13,"Manhattan",FALSE,561679
2024-06-13,"Manhattan",TRUE,751902
2024-06-13,"Queens",FALSE,475646
2024-06-14,"Bronx",FALSE,219992
2024-06-14,"Brooklyn",FALSE,674783
2024-06-14,"Brooklyn",TRUE,20284
2024-06-14,"Manhattan",FALSE,533688
2024-06-14,"Manhattan",TRUE,733730
2024-06-14,"Queens",FALSE,462853
2024-06-15,"Bronx",FALSE,133191
2024-06-15,"Brooklyn",FALSE,497213
2024-06-15,"Brooklyn",TRUE,21423
2024-06-15,"Manhattan",FALSE,402709
2024-06-15,"Manhattan",TRUE,580624
2024-06-15,"Queens",FALSE,337955
2024-06-16,"Bronx",FALSE,101392
2024-06-16,"Brooklyn",FALSE,404345
2024-06-16,"Brooklyn",TRUE,17961
2024-06-16,"Manhattan",FALSE,334512
2024-06-16,"Manhattan",TRUE,491669
2024-06-16,"Queens",FALSE,263436
2024-06-17,"Bronx",FALSE,203191
2024-06-17,"Brooklyn",FALSE,635518
2024-06-17,"Brooklyn",TRUE,20008
2024-06-17,"Manhattan",FALSE,498081
2024-06-17,"Manhattan",TRUE,693142
2024-06-17,"Queens",FALSE,439185
2024-06-18,"Bronx",FALSE,227148
2024-06-18,"Brooklyn",FALSE,698536
2024-06-18,"Brooklyn",TRUE,21999
2024-06-18,"Manhattan",FALSE,552368
2024-06-18,"Manhattan",TRUE,734904
2024-06-18,"Queens",FALSE,469999
2024-06-19,"Bronx",FALSE,180964
2024-06-19,"Brooklyn",FALSE,605172
2024-06-19,"Brooklyn",TRUE,20691
2024-06-19,"Manhattan",FALSE,467186
2024-06-19,"Manhattan",TRUE,669769
2024-06-19,"Queens",FALSE,415431
2024-06-20,"Bronx",FALSE,226104
2024-06-20,"Brooklyn",FALSE,705898
2024-06-20,"Brooklyn",TRUE,22659
2024-06-20,"Manhattan",FALSE,549771
2024-06-20,"Manhattan",TRUE,746012
2024-06-20,"Queens",FALSE,472752
2024-06-21,"Bronx",FALSE,215719
2024-06-21,"Brooklyn",FALSE,679068
2024-06-21,"Brooklyn",TRUE,20888
2024-06-21,"Manhattan",FALSE,526920
2024-06-21,"Manhattan",TRUE,736804
2024-06-21,"Queens",FALSE,464271
2024-06-22,"Bronx",FALSE,134965
2024-06-22,"Brooklyn",FALSE,494733
2024-06-22,"Brooklyn",TRUE,20084
2024-06-22,"Manhattan",FALSE,382653
2024-06-22,"Manhattan",TRUE,586652
2024-06-22,"Queens",FALSE,325420
2024-06-23,"Bronx",FALSE,105085
2024-06-23,"Brooklyn",FALSE,407308
2024-06-23,"Brooklyn",TRUE,15426
2024-06-23,"Manhattan",FALSE,318199
2024-06-23,"Manhattan",TRUE,498055
2024-06-23,"Queens",FALSE,267306
2024-06-24,"Bronx",FALSE,209680
2024-06-24,"Brooklyn",FALSE,650759
2024-06-24,"Brooklyn",TRUE,19593
2024-06-24,"Manhattan",FALSE,509517
2024-06-24,"Manhattan",TRUE,708831
2024-06-24,"Queens",FALSE,453060
2024-06-25,"Bronx",FALSE,218980
2024-06-25,"Brooklyn",FALSE,690319
2024-06-25,"Brooklyn",TRUE,21907
2024-06-25,"Manhattan",FALSE,544524
2024-06-25,"Manhattan",TRUE,733413
2024-06-25,"Queens",FALSE,470745
2024-06-26,"Bronx",FALSE,220586
2024-06-26,"Brooklyn",FALSE,696118
2024-06-26,"Brooklyn",TRUE,21624
2024-06-26,"Manhattan",FALSE,549045
2024-06-26,"Manhattan",TRUE,750100
2024-06-26,"Queens",FALSE,469954
2024-06-27,"Bronx",FALSE,217164
2024-06-27,"Brooklyn",FALSE,687892
2024-06-27,"Brooklyn",TRUE,22962
2024-06-27,"Manhattan",FALSE,545719
2024-06-27,"Manhattan",TRUE,741957
2024-06-27,"Queens",FALSE,471367
2024-06-28,"Bronx",FALSE,216395
2024-06-28,"Brooklyn",FALSE,676215
2024-06-28,"Brooklyn",TRUE,22440
2024-06-28,"Manhattan",FALSE,535085
2024-06-28,"Manhattan",TRUE,738228
2024-06-28,"Queens",FALSE,467701
2024-06-29,"Bronx",FALSE,126286
2024-06-29,"Brooklyn",FALSE,478902
2024-06-29,"Brooklyn",TRUE,20972
2024-06-29,"Manhattan",FALSE,396002
2024-06-29,"Manhattan",TRUE,606645
2024-06-29,"Queens",FALSE,331728
2024-06-30,"Bronx",FALSE,98414
2024-06-30,"Brooklyn",FALSE,382261
2024-06-30,"Brooklyn",TRUE,14434
2024-06-30,"Manhattan",FALSE,318615
2024-06-30,"Manhattan",TRUE,550845
2024-06-30,"Queens",FALSE,265374
2024-07-01,"Bronx",FALSE,212044
2024-07-01,"Brooklyn",FALSE,642335
2024-07-01,"Brooklyn",TRUE,20453
2024-07-01,"Manhattan",FALSE,505194
2024-07-01,"Manhattan",TRUE,699722
2024-07-01,"Queens",FALSE,455240
2024-07-02,"Bronx",FALSE,228476
2024-07-02,"Brooklyn",FALSE,676706
2024-07-02,"Brooklyn",TRUE,22531
2024-07-02,"Manhattan",FALSE,526319
2024-07-02,"Manhattan",TRUE,722730
2024-07-02,"Queens",FALSE,470575
2024-07-03,"Bronx",FALSE,225339
2024-07-03,"Brooklyn",FALSE,673444
2024-07-03,"Brooklyn",TRUE,21092
2024-07-03,"Manhattan",FALSE,534343
2024-07-03,"Manhattan",TRUE,731799
2024-07-03,"Queens",FALSE,471144
2024-07-04,"Bronx",FALSE,122709
2024-07-04,"Brooklyn",FALSE,418025
2024-07-04,"Brooklyn",TRUE,17606
2024-07-04,"Manhattan",FALSE,330159
2024-07-04,"Manhattan",TRUE,516957
2024-07-04,"Queens",FALSE,284238
2024-07-05,"Bronx",FALSE,183719
2024-07-05,"Brooklyn",FALSE,539753
2024-07-05,"Brooklyn",TRUE,17880
2024-07-05,"Manhattan",FALSE,439192
2024-07-05,"Manhattan",TRUE,653744
2024-07-05,"Queens",FALSE,387436
2024-07-06,"Bronx",FALSE,118262
2024-07-06,"Brooklyn",FALSE,404128
2024-07-06,"Brooklyn",TRUE,19239
2024-07-06,"Manhattan",FALSE,344175
2024-07-06,"Manhattan",TRUE,553769
2024-07-06,"Queens",FALSE,302266
2024-07-07,"Bronx",FALSE,99121
2024-07-07,"Brooklyn",FALSE,364636
2024-07-07,"Brooklyn",TRUE,16030
2024-07-07,"Manhattan",FALSE,301995
2024-07-07,"Manhattan",TRUE,493778
2024-07-07,"Queens",FALSE,258605
2024-07-08,"Bronx",FALSE,210659
2024-07-08,"Brooklyn",FALSE,619602
2024-07-08,"Brooklyn",TRUE,19929
2024-07-08,"Manhattan",FALSE,494710
2024-07-08,"Manhattan",TRUE,686829
2024-07-08,"Queens",FALSE,454879
2024-07-09,"Bronx",FALSE,216944
2024-07-09,"Brooklyn",FALSE,650582
2024-07-09,"Brooklyn",TRUE,21211
2024-07-09,"Manhattan",FALSE,532256
2024-07-09,"Manhattan",TRUE,709893
2024-07-09,"Queens",FALSE,469933
2024-07-10,"Bronx",FALSE,223098
2024-07-10,"Brooklyn",FALSE,664891
2024-07-10,"Brooklyn",TRUE,21192
2024-07-10,"Manhattan",FALSE,542106
2024-07-10,"Manhattan",TRUE,734317
2024-07-10,"Queens",FALSE,477057
2024-07-11,"Bronx",FALSE,222157
2024-07-11,"Brooklyn",FALSE,675233
2024-07-11,"Brooklyn",TRUE,23375
2024-07-11,"Manhattan",FALSE,547491
2024-07-11,"Manhattan",TRUE,737392
2024-07-11,"Queens",FALSE,477102
2024-07-12,"Bronx",FALSE,208510
2024-07-12,"Brooklyn",FALSE,629234
2024-07-12,"Brooklyn",TRUE,20163
2024-07-12,"Manhattan",FALSE,521144
2024-07-12,"Manhattan",TRUE,720597
2024-07-12,"Queens",FALSE,457412
2024-07-13,"Bronx",FALSE,111948
2024-07-13,"Brooklyn",FALSE,424253
2024-07-13,"Brooklyn",TRUE,19532
2024-07-13,"Manhattan",FALSE,335911
2024-07-13,"Manhattan",TRUE,576951
2024-07-13,"Queens",FALSE,308701
2024-07-14,"Bronx",FALSE,95462
2024-07-14,"Brooklyn",FALSE,386763
2024-07-14,"Brooklyn",TRUE,17844
2024-07-14,"Manhattan",FALSE,304409
2024-07-14,"Manhattan",TRUE,505678
2024-07-14,"Queens",FALSE,269716
2024-07-15,"Bronx",FALSE,206329
2024-07-15,"Brooklyn",FALSE,620478
2024-07-15,"Brooklyn",TRUE,20371
2024-07-15,"Manhattan",FALSE,501708
2024-07-15,"Manhattan",TRUE,690796
2024-07-15,"Queens",FALSE,449680
2024-07-16,"Bronx",FALSE,211453
2024-07-16,"Brooklyn",FALSE,645588
2024-07-16,"Brooklyn",TRUE,19312
2024-07-16,"Manhattan",FALSE,530639
2024-07-16,"Manhattan",TRUE,712822
2024-07-16,"Queens",FALSE,461473
2024-07-17,"Bronx",FALSE,216021
2024-07-17,"Brooklyn",FALSE,652357
2024-07-17,"Brooklyn",TRUE,21743
2024-07-17,"Manhattan",FALSE,541081
2024-07-17,"Manhattan",TRUE,733634
2024-07-17,"Queens",FALSE,472204
2024-07-18,"Bronx",FALSE,220098
2024-07-18,"Brooklyn",FALSE,663574
2024-07-18,"Brooklyn",TRUE,22800
2024-07-18,"Manhattan",FALSE,547129
2024-07-18,"Manhattan",TRUE,737068
2024-07-18,"Queens",FALSE,471909
2024-07-19,"Bronx",FALSE,212690
2024-07-19,"Brooklyn",FALSE,638660
2024-07-19,"Brooklyn",TRUE,21722
2024-07-19,"Manhattan",FALSE,523120
2024-07-19,"Manhattan",TRUE,721478
2024-07-19,"Queens",FALSE,465047
2024-07-20,"Bronx",FALSE,127508
2024-07-20,"Brooklyn",FALSE,453133
2024-07-20,"Brooklyn",TRUE,20592
2024-07-20,"Manhattan",FALSE,377434
2024-07-20,"Manhattan",TRUE,566415
2024-07-20,"Queens",FALSE,321447
2024-07-21,"Bronx",FALSE,101108
2024-07-21,"Brooklyn",FALSE,376296
2024-07-21,"Brooklyn",TRUE,17840
2024-07-21,"Manhattan",FALSE,316283
2024-07-21,"Manhattan",TRUE,489128
2024-07-21,"Queens",FALSE,271016
2024-07-22,"Bronx",FALSE,209935
2024-07-22,"Brooklyn",FALSE,601399
2024-07-22,"Brooklyn",TRUE,19711
2024-07-22,"Manhattan",FALSE,496443
2024-07-22,"Manhattan",TRUE,688626
2024-07-22,"Queens",FALSE,447487
2024-07-23,"Bronx",FALSE,214523
2024-07-23,"Brooklyn",FALSE,636774
2024-07-23,"Brooklyn",TRUE,21193
2024-07-23,"Manhattan",FALSE,529025
2024-07-23,"Manhattan",TRUE,715541
2024-07-23,"Queens",FALSE,462743
2024-07-24,"Bronx",FALSE,219279
2024-07-24,"Brooklyn",FALSE,651220
2024-07-24,"Brooklyn",TRUE,21938
2024-07-24,"Manhattan",FALSE,539400
2024-07-24,"Manhattan",TRUE,735082
2024-07-24,"Queens",FALSE,472106
2024-07-25,"Bronx",FALSE,218351
2024-07-25,"Brooklyn",FALSE,661211
2024-07-25,"Brooklyn",TRUE,23127
2024-07-25,"Manhattan",FALSE,545261
2024-07-25,"Manhattan",TRUE,749586
2024-07-25,"Queens",FALSE,475702
2024-07-26,"Bronx",FALSE,209887
2024-07-26,"Brooklyn",FALSE,638581
2024-07-26,"Brooklyn",TRUE,21827
2024-07-26,"Manhattan",FALSE,530868
2024-07-26,"Manhattan",TRUE,733279
2024-07-26,"Queens",FALSE,466615
2024-07-27,"Bronx",FALSE,129073
2024-07-27,"Brooklyn",FALSE,447653
2024-07-27,"Brooklyn",TRUE,21788
2024-07-27,"Manhattan",FALSE,368795
2024-07-27,"Manhattan",TRUE,571600
2024-07-27,"Queens",FALSE,336003
2024-07-28,"Bronx",FALSE,102965
2024-07-28,"Brooklyn",FALSE,373096
2024-07-28,"Brooklyn",TRUE,18067
2024-07-28,"Manhattan",FALSE,307164
2024-07-28,"Manhattan",TRUE,490740
2024-07-28,"Queens",FALSE,270910
2024-07-29,"Bronx",FALSE,203019
2024-07-29,"Brooklyn",FALSE,606418
2024-07-29,"Brooklyn",TRUE,19800
2024-07-29,"Manhattan",FALSE,496241
2024-07-29,"Manhattan",TRUE,687535
2024-07-29,"Queens",FALSE,449201
2024-07-30,"Bronx",FALSE,214697
2024-07-30,"Brooklyn",FALSE,650921
2024-07-30,"Brooklyn",TRUE,22687
2024-07-30,"Manhattan",FALSE,531590
2024-07-30,"Manhattan",TRUE,720706
2024-07-30,"Queens",FALSE,467279
2024-07-31,"Bronx",FALSE,213155
2024-07-31,"Brooklyn",FALSE,646083
2024-07-31,"Brooklyn",TRUE,21126
2024-07-31,"Manhattan",FALSE,535711
2024-07-31,"Manhattan",TRUE,729816
2024-07-31,"Queens",FALSE,466887
2024-08-01,"Bronx",FALSE,213750
2024-08-01,"Brooklyn",FALSE,656832
2024-08-01,"Brooklyn",TRUE,22393
2024-08-01,"Manhattan",FALSE,529137
2024-08-01,"Manhattan",TRUE,733367
2024-08-01,"Queens",FALSE,467485
2024-08-02,"Bronx",FALSE,203346
2024-08-02,"Brooklyn",FALSE,608880
2024-08-02,"Brooklyn",TRUE,18869
2024-08-02,"Manhattan",FALSE,507060
2024-08-02,"Manhattan",TRUE,720663
2024-08-02,"Queens",FALSE,444761
2024-08-03,"Bronx",FALSE,124322
2024-08-03,"Brooklyn",FALSE,419436
2024-08-03,"Brooklyn",TRUE,17862
2024-08-03,"Manhattan",FALSE,358170
2024-08-03,"Manhattan",TRUE,584422
2024-08-03,"Queens",FALSE,314130
2024-08-04,"Bronx",FALSE,99278
2024-08-04,"Brooklyn",FALSE,339674
2024-08-04,"Brooklyn",TRUE,15605
2024-08-04,"Manhattan",FALSE,289637
2024-08-04,"Manhattan",TRUE,502139
2024-08-04,"Queens",FALSE,256563
2024-08-05,"Bronx",FALSE,200814
2024-08-05,"Brooklyn",FALSE,609498
2024-08-05,"Brooklyn",TRUE,21877
2024-08-05,"Manhattan",FALSE,501146
2024-08-05,"Manhattan",TRUE,699058
2024-08-05,"Queens",FALSE,455965
2024-08-06,"Bronx",FALSE,204388
2024-08-06,"Brooklyn",FALSE,621738
2024-08-06,"Brooklyn",TRUE,19806
2024-08-06,"Manhattan",FALSE,513794
2024-08-06,"Manhattan",TRUE,708975
2024-08-06,"Queens",FALSE,447915
2024-08-07,"Bronx",FALSE,212592
2024-08-07,"Brooklyn",FALSE,633756
2024-08-07,"Brooklyn",TRUE,20036
2024-08-07,"Manhattan",FALSE,524083
2024-08-07,"Manhattan",TRUE,720227
2024-08-07,"Queens",FALSE,456625
2024-08-08,"Bronx",FALSE,211128
2024-08-08,"Brooklyn",FALSE,636744
2024-08-08,"Brooklyn",TRUE,19623
2024-08-08,"Manhattan",FALSE,523206
2024-08-08,"Manhattan",TRUE,725640
2024-08-08,"Queens",FALSE,452262
2024-08-09,"Bronx",FALSE,198077
2024-08-09,"Brooklyn",FALSE,599282
2024-08-09,"Brooklyn",TRUE,17265
2024-08-09,"Manhattan",FALSE,497635
2024-08-09,"Manhattan",TRUE,700128
2024-08-09,"Queens",FALSE,436626
2024-08-10,"Bronx",FALSE,134372
2024-08-10,"Brooklyn",FALSE,449827
2024-08-10,"Brooklyn",TRUE,23067
2024-08-10,"Manhattan",FALSE,388114
2024-08-10,"Manhattan",TRUE,595415
2024-08-10,"Queens",FALSE,323718
2024-08-11,"Bronx",FALSE,111645
2024-08-11,"Brooklyn",FALSE,372939
2024-08-11,"Brooklyn",TRUE,18650
2024-08-11,"Manhattan",FALSE,331354
2024-08-11,"Manhattan",TRUE,512218
2024-08-11,"Queens",FALSE,266016
2024-08-12,"Bronx",FALSE,203373
2024-08-12,"Brooklyn",FALSE,609183
2024-08-12,"Brooklyn",TRUE,19941
2024-08-12,"Manhattan",FALSE,489643
2024-08-12,"Manhattan",TRUE,689210
2024-08-12,"Queens",FALSE,439181
2024-08-13,"Bronx",FALSE,211758
2024-08-13,"Brooklyn",FALSE,643009
2024-08-13,"Brooklyn",TRUE,21591
2024-08-13,"Manhattan",FALSE,522362
2024-08-13,"Manhattan",TRUE,720601
2024-08-13,"Queens",FALSE,460663
2024-08-14,"Bronx",FALSE,213677
2024-08-14,"Brooklyn",FALSE,664421
2024-08-14,"Brooklyn",TRUE,22438
2024-08-14,"Manhattan",FALSE,525909
2024-08-14,"Manhattan",TRUE,725007
2024-08-14,"Queens",FALSE,467549
2024-08-15,"Bronx",FALSE,213493
2024-08-15,"Brooklyn",FALSE,658052
2024-08-15,"Brooklyn",TRUE,23066
2024-08-15,"Manhattan",FALSE,521168
2024-08-15,"Manhattan",TRUE,731268
2024-08-15,"Queens",FALSE,462827
2024-08-16,"Bronx",FALSE,205019
2024-08-16,"Brooklyn",FALSE,631052
2024-08-16,"Brooklyn",TRUE,20547
2024-08-16,"Manhattan",FALSE,504090
2024-08-16,"Manhattan",TRUE,699283
2024-08-16,"Queens",FALSE,458969
2024-08-17,"Bronx",FALSE,119754
2024-08-17,"Brooklyn",FALSE,446360
2024-08-17,"Brooklyn",TRUE,19105
2024-08-17,"Manhattan",FALSE,344080
2024-08-17,"Manhattan",TRUE,587458
2024-08-17,"Queens",FALSE,319236
2024-08-18,"Bronx",FALSE,88775
2024-08-18,"Brooklyn",FALSE,352523
2024-08-18,"Brooklyn",TRUE,14869
2024-08-18,"Manhattan",FALSE,271730
2024-08-18,"Manhattan",TRUE,479321
2024-08-18,"Queens",FALSE,248572
2024-08-19,"Bronx",FALSE,195833
2024-08-19,"Brooklyn",FALSE,599966
2024-08-19,"Brooklyn",TRUE,18550
2024-08-19,"Manhattan",FALSE,476811
2024-08-19,"Manhattan",TRUE,671035
2024-08-19,"Queens",FALSE,441170
2024-08-20,"Bronx",FALSE,214946
2024-08-20,"Brooklyn",FALSE,639327
2024-08-20,"Brooklyn",TRUE,20355
2024-08-20,"Manhattan",FALSE,512657
2024-08-20,"Manhattan",TRUE,710025
2024-08-20,"Queens",FALSE,463754
2024-08-21,"Bronx",FALSE,216033
2024-08-21,"Brooklyn",FALSE,648483
2024-08-21,"Brooklyn",TRUE,20355
2024-08-21,"Manhattan",FALSE,519987
2024-08-21,"Manhattan",TRUE,707826
2024-08-21,"Queens",FALSE,470218
2024-08-22,"Bronx",FALSE,212091
2024-08-22,"Brooklyn",FALSE,649090
2024-08-22,"Brooklyn",TRUE,21856
2024-08-22,"Manhattan",FALSE,517372
2024-08-22,"Manhattan",TRUE,718796
2024-08-22,"Queens",FALSE,459187
2024-08-23,"Bronx",FALSE,210256
2024-08-23,"Brooklyn",FALSE,629807
2024-08-23,"Brooklyn",TRUE,20337
2024-08-23,"Manhattan",FALSE,509763
2024-08-23,"Manhattan",TRUE,703672
2024-08-23,"Queens",FALSE,457026
2024-08-24,"Bronx",FALSE,127444
2024-08-24,"Brooklyn",FALSE,467006
2024-08-24,"Brooklyn",TRUE,21867
2024-08-24,"Manhattan",FALSE,386788
2024-08-24,"Manhattan",TRUE,595725
2024-08-24,"Queens",FALSE,315555
2024-08-25,"Bronx",FALSE,99532
2024-08-25,"Brooklyn",FALSE,384928
2024-08-25,"Brooklyn",TRUE,16921
2024-08-25,"Manhattan",FALSE,321130
2024-08-25,"Manhattan",TRUE,512291
2024-08-25,"Queens",FALSE,261871
2024-08-26,"Bronx",FALSE,200035
2024-08-26,"Brooklyn",FALSE,598260
2024-08-26,"Brooklyn",TRUE,18857
2024-08-26,"Manhattan",FALSE,487039
2024-08-26,"Manhattan",TRUE,672283
2024-08-26,"Queens",FALSE,437495
2024-08-27,"Bronx",FALSE,208098
2024-08-27,"Brooklyn",FALSE,649319
2024-08-27,"Brooklyn",TRUE,20221
2024-08-27,"Manhattan",FALSE,517012
2024-08-27,"Manhattan",TRUE,712027
2024-08-27,"Queens",FALSE,458591
2024-08-28,"Bronx",FALSE,217512
2024-08-28,"Brooklyn",FALSE,661056
2024-08-28,"Brooklyn",TRUE,20668
2024-08-28,"Manhattan",FALSE,530029
2024-08-28,"Manhattan",TRUE,712251
2024-08-28,"Queens",FALSE,466006
2024-08-29,"Bronx",FALSE,220048
2024-08-29,"Brooklyn",FALSE,665794
2024-08-29,"Brooklyn",TRUE,20886
2024-08-29,"Manhattan",FALSE,527976
2024-08-29,"Manhattan",TRUE,717772
2024-08-29,"Queens",FALSE,462705
2024-08-30,"Bronx",FALSE,214499
2024-08-30,"Brooklyn",FALSE,631705
2024-08-30,"Brooklyn",TRUE,18852
2024-08-30,"Manhattan",FALSE,513658
2024-08-30,"Manhattan",TRUE,697150
2024-08-30,"Queens",FALSE,450382
2024-08-31,"Bronx",FALSE,129396
2024-08-31,"Brooklyn",FALSE,439433
2024-08-31,"Brooklyn",TRUE,17702
2024-08-31,"Manhattan",FALSE,367642
2024-08-31,"Manhattan",TRUE,586905
2024-08-31,"Queens",FALSE,317154
2024-09-01,"Bronx",FALSE,104474
2024-09-01,"Brooklyn",FALSE,376445
2024-09-01,"Brooklyn",TRUE,16049
2024-09-01,"Manhattan",FALSE,326354
2024-09-01,"Manhattan",TRUE,522887
2024-09-01,"Queens",FALSE,269482
2024-09-02,"Bronx",FALSE,118704
2024-09-02,"Brooklyn",FALSE,432372
2024-09-02,"Brooklyn",TRUE,14899
2024-09-02,"Manhattan",FALSE,328748
2024-09-02,"Manhattan",TRUE,493051
2024-09-02,"Queens",FALSE,288015
2024-09-03,"Bronx",FALSE,233270
2024-09-03,"Brooklyn",FALSE,693078
2024-09-03,"Brooklyn",TRUE,20532
2024-09-03,"Manhattan",FALSE,541489
2024-09-03,"Manhattan",TRUE,694728
2024-09-03,"Queens",FALSE,473188
2024-09-04,"Bronx",FALSE,243048
2024-09-04,"Brooklyn",FALSE,725543
2024-09-04,"Brooklyn",TRUE,20435
2024-09-04,"Manhattan",FALSE,566450
2024-09-04,"Manhattan",TRUE,722992
2024-09-04,"Queens",FALSE,497421
2024-09-05,"Bronx",FALSE,256196
2024-09-05,"Brooklyn",FALSE,784922
2024-09-05,"Brooklyn",TRUE,22022
2024-09-05,"Manhattan",FALSE,598757
2024-09-05,"Manhattan",TRUE,766634
2024-09-05,"Queens",FALSE,514023
2024-09-06,"Bronx",FALSE,258685
2024-09-06,"Brooklyn",FALSE,784691
2024-09-06,"Brooklyn",TRUE,21256
2024-09-06,"Manhattan",FALSE,602125
2024-09-06,"Manhattan",TRUE,773554
2024-09-06,"Queens",FALSE,525174
2024-09-07,"Bronx",FALSE,131893
2024-09-07,"Brooklyn",FALSE,493088
2024-09-07,"Brooklyn",TRUE,15864
2024-09-07,"Manhattan",FALSE,394121
2024-09-07,"Manhattan",TRUE,600976
2024-09-07,"Queens",FALSE,330402
2024-09-08,"Bronx",FALSE,108743
2024-09-08,"Brooklyn",FALSE,434077
2024-09-08,"Brooklyn",TRUE,18439
2024-09-08,"Manhattan",FALSE,343485
2024-09-08,"Manhattan",TRUE,545110
2024-09-08,"Queens",FALSE,283548
2024-09-09,"Bronx",FALSE,269927
2024-09-09,"Brooklyn",FALSE,778598
2024-09-09,"Brooklyn",TRUE,20832
2024-09-09,"Manhattan",FALSE,588998
2024-09-09,"Manhattan",TRUE,745707
2024-09-09,"Queens",FALSE,517618
2024-09-10,"Bronx",FALSE,281100
2024-09-10,"Brooklyn",FALSE,820114
2024-09-10,"Brooklyn",TRUE,22430
2024-09-10,"Manhattan",FALSE,620019
2024-09-10,"Manhattan",TRUE,779727
2024-09-10,"Queens",FALSE,533083
2024-09-11,"Bronx",FALSE,281838
2024-09-11,"Brooklyn",FALSE,832027
2024-09-11,"Brooklyn",TRUE,24155
2024-09-11,"Manhattan",FALSE,622532
2024-09-11,"Manhattan",TRUE,792859
2024-09-11,"Queens",FALSE,542112
2024-09-12,"Bronx",FALSE,286769
2024-09-12,"Brooklyn",FALSE,830903
2024-09-12,"Brooklyn",TRUE,22500
2024-09-12,"Manhattan",FALSE,633798
2024-09-12,"Manhattan",TRUE,795484
2024-09-12,"Queens",FALSE,537230
2024-09-13,"Bronx",FALSE,277248
2024-09-13,"Brooklyn",FALSE,812387
2024-09-13,"Brooklyn",TRUE,22195
2024-09-13,"Manhattan",FALSE,622530
2024-09-13,"Manhattan",TRUE,788283
2024-09-13,"Queens",FALSE,533496
2024-09-14,"Bronx",FALSE,148938
2024-09-14,"Brooklyn",FALSE,540791
2024-09-14,"Brooklyn",TRUE,22171
2024-09-14,"Manhattan",FALSE,436553
2024-09-14,"Manhattan",TRUE,623009
2024-09-14,"Queens",FALSE,356985
2024-09-15,"Bronx",FALSE,120142
2024-09-15,"Brooklyn",FALSE,439402
2024-09-15,"Brooklyn",TRUE,18059
2024-09-15,"Manhattan",FALSE,358963
2024-09-15,"Manhattan",TRUE,556708
2024-09-15,"Queens",FALSE,289510
2024-09-16,"Bronx",FALSE,271704
2024-09-16,"Brooklyn",FALSE,783763
2024-09-16,"Brooklyn",TRUE,20929
2024-09-16,"Manhattan",FALSE,596597
2024-09-16,"Manhattan",TRUE,751761
2024-09-16,"Queens",FALSE,523938
2024-09-17,"Bronx",FALSE,283868
2024-09-17,"Brooklyn",FALSE,822937
2024-09-17,"Brooklyn",TRUE,22430
2024-09-17,"Manhattan",FALSE,617162
2024-09-17,"Manhattan",TRUE,783350
2024-09-17,"Queens",FALSE,543921
2024-09-18,"Bronx",FALSE,287774
2024-09-18,"Brooklyn",FALSE,827576
2024-09-18,"Brooklyn",TRUE,22483
2024-09-18,"Manhattan",FALSE,625059
2024-09-18,"Manhattan",TRUE,788889
2024-09-18,"Queens",FALSE,549563
2024-09-19,"Bronx",FALSE,288181
2024-09-19,"Brooklyn",FALSE,840291
2024-09-19,"Brooklyn",TRUE,22873
2024-09-19,"Manhattan",FALSE,634469
2024-09-19,"Manhattan",TRUE,798437
2024-09-19,"Queens",FALSE,550667
2024-09-20,"Bronx",FALSE,278137
2024-09-20,"Brooklyn",FALSE,817362
2024-09-20,"Brooklyn",TRUE,22307
2024-09-20,"Manhattan",FALSE,617509
2024-09-20,"Manhattan",TRUE,796067
2024-09-20,"Queens",FALSE,546901
2024-09-21,"Bronx",FALSE,157741
2024-09-21,"Brooklyn",FALSE,554692
2024-09-21,"Brooklyn",TRUE,22194
2024-09-21,"Manhattan",FALSE,412121
2024-09-21,"Manhattan",TRUE,636594
2024-09-21,"Queens",FALSE,359729
2024-09-22,"Bronx",FALSE,118885
2024-09-22,"Brooklyn",FALSE,440502
2024-09-22,"Brooklyn",TRUE,17752
2024-09-22,"Manhattan",FALSE,336827
2024-09-22,"Manhattan",TRUE,548895
2024-09-22,"Queens",FALSE,285919
2024-09-23,"Bronx",FALSE,273805
2024-09-23,"Brooklyn",FALSE,788485
2024-09-23,"Brooklyn",TRUE,20770
2024-09-23,"Manhattan",FALSE,602472
2024-09-23,"Manhattan",TRUE,765511
2024-09-23,"Queens",FALSE,524743
2024-09-24,"Bronx",FALSE,290344
2024-09-24,"Brooklyn",FALSE,829237
2024-09-24,"Brooklyn",TRUE,22242
2024-09-24,"Manhattan",FALSE,631116
2024-09-24,"Manhattan",TRUE,802263
2024-09-24,"Queens",FALSE,545890
2024-09-25,"Bronx",FALSE,293859
2024-09-25,"Brooklyn",FALSE,838194
2024-09-25,"Brooklyn",TRUE,21958
2024-09-25,"Manhattan",FALSE,635259
2024-09-25,"Manhattan",TRUE,799096
2024-09-25,"Queens",FALSE,547140
2024-09-26,"Bronx",FALSE,288783
2024-09-26,"Brooklyn",FALSE,834697
2024-09-26,"Brooklyn",TRUE,21831
2024-09-26,"Manhattan",FALSE,637733
2024-09-26,"Manhattan",TRUE,795542
2024-09-26,"Queens",FALSE,543445
2024-09-27,"Bronx",FALSE,281011
2024-09-27,"Brooklyn",FALSE,813733
2024-09-27,"Brooklyn",TRUE,22483
2024-09-27,"Manhattan",FALSE,629035
2024-09-27,"Manhattan",TRUE,797392
2024-09-27,"Queens",FALSE,543006
2024-09-28,"Bronx",FALSE,145269
2024-09-28,"Brooklyn",FALSE,502969
2024-09-28,"Brooklyn",TRUE,17539
2024-09-28,"Manhattan",FALSE,414948
2024-09-28,"Manhattan",TRUE,609541
2024-09-28,"Queens",FALSE,339215
2024-09-29,"Bronx",FALSE,108931
2024-09-29,"Brooklyn",FALSE,413853
2024-09-29,"Brooklyn",TRUE,14443
2024-09-29,"Manhattan",FALSE,317308
2024-09-29,"Manhattan",TRUE,515151
2024-09-29,"Queens",FALSE,263522
2024-09-30,"Bronx",FALSE,272979
2024-09-30,"Brooklyn",FALSE,795514
2024-09-30,"Brooklyn",TRUE,22061
2024-09-30,"Manhattan",FALSE,604207
2024-09-30,"Manhattan",TRUE,754544
2024-09-30,"Queens",FALSE,524308
2024-10-01,"Bronx",FALSE,282696
2024-10-01,"Brooklyn",FALSE,825611
2024-10-01,"Brooklyn",TRUE,22532
2024-10-01,"Manhattan",FALSE,624535
2024-10-01,"Manhattan",TRUE,782626
2024-10-01,"Queens",FALSE,547147
2024-10-02,"Bronx",FALSE,276595
2024-10-02,"Brooklyn",FALSE,810632
2024-10-02,"Brooklyn",TRUE,22228
2024-10-02,"Manhattan",FALSE,617100
2024-10-02,"Manhattan",TRUE,789619
2024-10-02,"Queens",FALSE,533549
2024-10-03,"Bronx",FALSE,239576
2024-10-03,"Brooklyn",FALSE,700045
2024-10-03,"Brooklyn",TRUE,21564
2024-10-03,"Manhattan",FALSE,552686
2024-10-03,"Manhattan",TRUE,751374
2024-10-03,"Queens",FALSE,489123
2024-10-04,"Bronx",FALSE,239669
2024-10-04,"Brooklyn",FALSE,699410
2024-10-04,"Brooklyn",TRUE,21583
2024-10-04,"Manhattan",FALSE,561250
2024-10-04,"Manhattan",TRUE,763198
2024-10-04,"Queens",FALSE,488830
2024-10-05,"Bronx",FALSE,155634
2024-10-05,"Brooklyn",FALSE,505484
2024-10-05,"Brooklyn",TRUE,23211
2024-10-05,"Manhattan",FALSE,437680
2024-10-05,"Manhattan",TRUE,641795
2024-10-05,"Queens",FALSE,349480
2024-10-06,"Bronx",FALSE,116428
2024-10-06,"Brooklyn",FALSE,404938
2024-10-06,"Brooklyn",TRUE,18264
2024-10-06,"Manhattan",FALSE,345299
2024-10-06,"Manhattan",TRUE,548797
2024-10-06,"Queens",FALSE,277883
2024-10-07,"Bronx",FALSE,282478
2024-10-07,"Brooklyn",FALSE,787939
2024-10-07,"Brooklyn",TRUE,20446
2024-10-07,"Manhattan",FALSE,602204
2024-10-07,"Manhattan",TRUE,749382
2024-10-07,"Queens",FALSE,526033
2024-10-08,"Bronx",FALSE,290663
2024-10-08,"Brooklyn",FALSE,824086
2024-10-08,"Brooklyn",TRUE,22499
2024-10-08,"Manhattan",FALSE,635669
2024-10-08,"Manhattan",TRUE,793716
2024-10-08,"Queens",FALSE,553517
2024-10-09,"Bronx",FALSE,292910
2024-10-09,"Brooklyn",FALSE,835688
2024-10-09,"Brooklyn",TRUE,22685
2024-10-09,"Manhattan",FALSE,646558
2024-10-09,"Manhattan",TRUE,804263
2024-10-09,"Queens",FALSE,558437
2024-10-10,"Bronx",FALSE,290189
2024-10-10,"Brooklyn",FALSE,846387
2024-10-10,"Brooklyn",TRUE,22577
2024-10-10,"Manhattan",FALSE,649077
2024-10-10,"Manhattan",TRUE,814539
2024-10-10,"Queens",FALSE,557665
2024-10-11,"Bronx",FALSE,275072
2024-10-11,"Brooklyn",FALSE,799900
2024-10-11,"Brooklyn",TRUE,22737
2024-10-11,"Manhattan",FALSE,628259
2024-10-11,"Manhattan",TRUE,795564
2024-10-11,"Queens",FALSE,541857
2024-10-12,"Bronx",FALSE,151868
2024-10-12,"Brooklyn",FALSE,499342
2024-10-12,"Brooklyn",TRUE,23484
2024-10-12,"Manhattan",FALSE,405204
2024-10-12,"Manhattan",TRUE,636361
2024-10-12,"Queens",FALSE,328466
2024-10-13,"Bronx",FALSE,120759
2024-10-13,"Brooklyn",FALSE,418496
2024-10-13,"Brooklyn",TRUE,20195
2024-10-13,"Manhattan",FALSE,347513
2024-10-13,"Manhattan",TRUE,557894
2024-10-13,"Queens",FALSE,263579
2024-10-14,"Bronx",FALSE,198078
2024-10-14,"Brooklyn",FALSE,605113
2024-10-14,"Brooklyn",TRUE,18997
2024-10-14,"Manhattan",FALSE,485191
2024-10-14,"Manhattan",TRUE,684769
2024-10-14,"Queens",FALSE,419678
2024-10-15,"Bronx",FALSE,292146
2024-10-15,"Brooklyn",FALSE,823452
2024-10-15,"Brooklyn",TRUE,21669
2024-10-15,"Manhattan",FALSE,625302
2024-10-15,"Manhattan",TRUE,792121
2024-10-15,"Queens",FALSE,546693
2024-10-16,"Bronx",FALSE,292007
2024-10-16,"Brooklyn",FALSE,835457
2024-10-16,"Brooklyn",TRUE,22981
2024-10-16,"Manhattan",FALSE,638674
2024-10-16,"Manhattan",TRUE,802249
2024-10-16,"Queens",FALSE,558649
2024-10-17,"Bronx",FALSE,290160
2024-10-17,"Brooklyn",FALSE,817661
2024-10-17,"Brooklyn",TRUE,23177
2024-10-17,"Manhattan",FALSE,640741
2024-10-17,"Manhattan",TRUE,811380
2024-10-17,"Queens",FALSE,557366
2024-10-18,"Bronx",FALSE,280211
2024-10-18,"Brooklyn",FALSE,813309
2024-10-18,"Brooklyn",TRUE,23847
2024-10-18,"Manhattan",FALSE,632600
2024-10-18,"Manhattan",TRUE,811271
2024-10-18,"Queens",FALSE,553328
2024-10-19,"Bronx",FALSE,147935
2024-10-19,"Brooklyn",FALSE,540729
2024-10-19,"Brooklyn",TRUE,23310
2024-10-19,"Manhattan",FALSE,450975
2024-10-19,"Manhattan",TRUE,649834
2024-10-19,"Queens",FALSE,362722
2024-10-20,"Bronx",FALSE,113851
2024-10-20,"Brooklyn",FALSE,437036
2024-10-20,"Brooklyn",TRUE,18664
2024-10-20,"Manhattan",FALSE,368710
2024-10-20,"Manhattan",TRUE,562709
2024-10-20,"Queens",FALSE,285907
2024-10-21,"Bronx",FALSE,280196
2024-10-21,"Brooklyn",FALSE,784244
2024-10-21,"Brooklyn",TRUE,21921
2024-10-21,"Manhattan",FALSE,610658
2024-10-21,"Manhattan",TRUE,765176
2024-10-21,"Queens",FALSE,525266
2024-10-22,"Bronx",FALSE,290184
2024-10-22,"Brooklyn",FALSE,822300
2024-10-22,"Brooklyn",TRUE,22830
2024-10-22,"Manhattan",FALSE,639309
2024-10-22,"Manhattan",TRUE,791447
2024-10-22,"Queens",FALSE,546199
2024-10-23,"Bronx",FALSE,292857
2024-10-23,"Brooklyn",FALSE,824273
2024-10-23,"Brooklyn",TRUE,22186
2024-10-23,"Manhattan",FALSE,647264
2024-10-23,"Manhattan",TRUE,811482
2024-10-23,"Queens",FALSE,550768
2024-10-24,"Bronx",FALSE,289012
2024-10-24,"Brooklyn",FALSE,823177
2024-10-24,"Brooklyn",TRUE,23676
2024-10-24,"Manhattan",FALSE,655444
2024-10-24,"Manhattan",TRUE,819092
2024-10-24,"Queens",FALSE,552814
2024-10-25,"Bronx",FALSE,282844
2024-10-25,"Brooklyn",FALSE,805825
2024-10-25,"Brooklyn",TRUE,23082
2024-10-25,"Manhattan",FALSE,639427
2024-10-25,"Manhattan",TRUE,811582
2024-10-25,"Queens",FALSE,547908
2024-10-26,"Bronx",FALSE,159593
2024-10-26,"Brooklyn",FALSE,530647
2024-10-26,"Brooklyn",TRUE,22545
2024-10-26,"Manhattan",FALSE,446122
2024-10-26,"Manhattan",TRUE,656024
2024-10-26,"Queens",FALSE,364195
2024-10-27,"Bronx",FALSE,118546
2024-10-27,"Brooklyn",FALSE,430969
2024-10-27,"Brooklyn",TRUE,19900
2024-10-27,"Manhattan",FALSE,361172
2024-10-27,"Manhattan",TRUE,578929
2024-10-27,"Queens",FALSE,286560
2024-10-28,"Bronx",FALSE,284329
2024-10-28,"Brooklyn",FALSE,792459
2024-10-28,"Brooklyn",TRUE,21916
2024-10-28,"Manhattan",FALSE,617037
2024-10-28,"Manhattan",TRUE,786767
2024-10-28,"Queens",FALSE,529704
2024-10-29,"Bronx",FALSE,295887
2024-10-29,"Brooklyn",FALSE,836754
2024-10-29,"Brooklyn",TRUE,23545
2024-10-29,"Manhattan",FALSE,640311
2024-10-29,"Manhattan",TRUE,804831
2024-10-29,"Queens",FALSE,547617
2024-10-30,"Bronx",FALSE,302378
2024-10-30,"Brooklyn",FALSE,853279
2024-10-30,"Brooklyn",TRUE,22804
2024-10-30,"Manhattan",FALSE,652835
2024-10-30,"Manhattan",TRUE,825671
2024-10-30,"Queens",FALSE,557737
2024-10-31,"Bronx",FALSE,286117
2024-10-31,"Brooklyn",FALSE,854376
2024-10-31,"Brooklyn",TRUE,22695
2024-10-31,"Manhattan",FALSE,647103
2024-10-31,"Manhattan",TRUE,838719
2024-10-31,"Queens",FALSE,564062
2024-11-01,"Bronx",FALSE,243301
2024-11-01,"Brooklyn",FALSE,750206
2024-11-01,"Brooklyn",TRUE,23423
2024-11-01,"Manhattan",FALSE,585657
2024-11-01,"Manhattan",TRUE,804454
2024-11-01,"Queens",FALSE,501525
2024-11-02,"Bronx",FALSE,143755
2024-11-02,"Brooklyn",FALSE,557330
2024-11-02,"Brooklyn",TRUE,22138
2024-11-02,"Manhattan",FALSE,430485
2024-11-02,"Manhattan",TRUE,646626
2024-11-02,"Queens",FALSE,351807
2024-11-03,"Bronx",FALSE,118688
2024-11-03,"Brooklyn",FALSE,500771
2024-11-03,"Brooklyn",TRUE,17267
2024-11-03,"Manhattan",FALSE,386011
2024-11-03,"Manhattan",TRUE,571834
2024-11-03,"Queens",FALSE,295466
2024-11-04,"Bronx",FALSE,280644
2024-11-04,"Brooklyn",FALSE,796165
2024-11-04,"Brooklyn",TRUE,22193
2024-11-04,"Manhattan",FALSE,606976
2024-11-04,"Manhattan",TRUE,765978
2024-11-04,"Queens",FALSE,526939
2024-11-05,"Bronx",FALSE,245336
2024-11-05,"Brooklyn",FALSE,720790
2024-11-05,"Brooklyn",TRUE,20113
2024-11-05,"Manhattan",FALSE,566756
2024-11-05,"Manhattan",TRUE,726645
2024-11-05,"Queens",FALSE,485674
2024-11-06,"Bronx",FALSE,291850
2024-11-06,"Brooklyn",FALSE,823119
2024-11-06,"Brooklyn",TRUE,22089
2024-11-06,"Manhattan",FALSE,621597
2024-11-06,"Manhattan",TRUE,774881
2024-11-06,"Queens",FALSE,541639
2024-11-07,"Bronx",FALSE,293929
2024-11-07,"Brooklyn",FALSE,833209
2024-11-07,"Brooklyn",TRUE,22180
2024-11-07,"Manhattan",FALSE,627337
2024-11-07,"Manhattan",TRUE,777683
2024-11-07,"Queens",FALSE,546755
2024-11-08,"Bronx",FALSE,286854
2024-11-08,"Brooklyn",FALSE,823640
2024-11-08,"Brooklyn",TRUE,22003
2024-11-08,"Manhattan",FALSE,620550
2024-11-08,"Manhattan",TRUE,785329
2024-11-08,"Queens",FALSE,545153
2024-11-09,"Bronx",FALSE,160283
2024-11-09,"Brooklyn",FALSE,523569
2024-11-09,"Brooklyn",TRUE,20150
2024-11-09,"Manhattan",FALSE,405171
2024-11-09,"Manhattan",TRUE,635076
2024-11-09,"Queens",FALSE,350339
2024-11-10,"Bronx",FALSE,120476
2024-11-10,"Brooklyn",FALSE,424472
2024-11-10,"Brooklyn",TRUE,17360
2024-11-10,"Manhattan",FALSE,316928
2024-11-10,"Manhattan",TRUE,557094
2024-11-10,"Queens",FALSE,283157
2024-11-11,"Bronx",FALSE,219153
2024-11-11,"Brooklyn",FALSE,653384
2024-11-11,"Brooklyn",TRUE,19822
2024-11-11,"Manhattan",FALSE,514024
2024-11-11,"Manhattan",TRUE,692482
2024-11-11,"Queens",FALSE,450128
2024-11-12,"Bronx",FALSE,293847
2024-11-12,"Brooklyn",FALSE,830135
2024-11-12,"Brooklyn",TRUE,20424
2024-11-12,"Manhattan",FALSE,622026
2024-11-12,"Manhattan",TRUE,775694
2024-11-12,"Queens",FALSE,543060
2024-11-13,"Bronx",FALSE,297673
2024-11-13,"Brooklyn",FALSE,844417
2024-11-13,"Brooklyn",TRUE,22202
2024-11-13,"Manhattan",FALSE,631144
2024-11-13,"Manhattan",TRUE,784703
2024-11-13,"Queens",FALSE,550121
2024-11-14,"Bronx",FALSE,293200
2024-11-14,"Brooklyn",FALSE,839350
2024-11-14,"Brooklyn",TRUE,21624
2024-11-14,"Manhattan",FALSE,625539
2024-11-14,"Manhattan",TRUE,787419
2024-11-14,"Queens",FALSE,548531
2024-11-15,"Bronx",FALSE,283457
2024-11-15,"Brooklyn",FALSE,825923
2024-11-15,"Brooklyn",TRUE,20533
2024-11-15,"Manhattan",FALSE,620787
2024-11-15,"Manhattan",TRUE,779742
2024-11-15,"Queens",FALSE,545074
2024-11-16,"Bronx",FALSE,161299
2024-11-16,"Brooklyn",FALSE,535707
2024-11-16,"Brooklyn",TRUE,21432
2024-11-16,"Manhattan",FALSE,407453
2024-11-16,"Manhattan",TRUE,641838
2024-11-16,"Queens",FALSE,361449
2024-11-17,"Bronx",FALSE,123190
2024-11-17,"Brooklyn",FALSE,424841
2024-11-17,"Brooklyn",TRUE,16408
2024-11-17,"Manhattan",FALSE,317612
2024-11-17,"Manhattan",TRUE,545681
2024-11-17,"Queens",FALSE,285739
2024-11-18,"Bronx",FALSE,286880
2024-11-18,"Brooklyn",FALSE,798017
2024-11-18,"Brooklyn",TRUE,20521
2024-11-18,"Manhattan",FALSE,599678
2024-11-18,"Manhattan",TRUE,739481
2024-11-18,"Queens",FALSE,530540
2024-11-19,"Bronx",FALSE,297969
2024-11-19,"Brooklyn",FALSE,832593
2024-11-19,"Brooklyn",TRUE,21664
2024-11-19,"Manhattan",FALSE,623648
2024-11-19,"Manhattan",TRUE,770164
2024-11-19,"Queens",FALSE,548884
2024-11-20,"Bronx",FALSE,289639
2024-11-20,"Brooklyn",FALSE,836903
2024-11-20,"Brooklyn",TRUE,21445
2024-11-20,"Manhattan",FALSE,626901
2024-11-20,"Manhattan",TRUE,771464
2024-11-20,"Queens",FALSE,547304
2024-11-21,"Bronx",FALSE,279675
2024-11-21,"Brooklyn",FALSE,812791
2024-11-21,"Brooklyn",TRUE,19720
2024-11-21,"Manhattan",FALSE,616540
2024-11-21,"Manhattan",TRUE,770386
2024-11-21,"Queens",FALSE,532653
2024-11-22,"Bronx",FALSE,269217
2024-11-22,"Brooklyn",FALSE,802450
2024-11-22,"Brooklyn",TRUE,18909
2024-11-22,"Manhattan",FALSE,607244
2024-11-22,"Manhattan",TRUE,776130
2024-11-22,"Queens",FALSE,526546
2024-11-23,"Bronx",FALSE,158117
2024-11-23,"Brooklyn",FALSE,509668
2024-11-23,"Brooklyn",TRUE,18897
2024-11-23,"Manhattan",FALSE,434492
2024-11-23,"Manhattan",TRUE,618189
2024-11-23,"Queens",FALSE,345963
2024-11-24,"Bronx",FALSE,120491
2024-11-24,"Brooklyn",FALSE,409285
2024-11-24,"Brooklyn",TRUE,16140
2024-11-24,"Manhattan",FALSE,349644
2024-11-24,"Manhattan",TRUE,542919
2024-11-24,"Queens",FALSE,272788
2024-11-25,"Bronx",FALSE,279769
2024-11-25,"Brooklyn",FALSE,784320
2024-11-25,"Brooklyn",TRUE,21293
2024-11-25,"Manhattan",FALSE,606317
2024-11-25,"Manhattan",TRUE,764318
2024-11-25,"Queens",FALSE,525978
2024-11-26,"Bronx",FALSE,281310
2024-11-26,"Brooklyn",FALSE,801291
2024-11-26,"Brooklyn",TRUE,19352
2024-11-26,"Manhattan",FALSE,620075
2024-11-26,"Manhattan",TRUE,778024
2024-11-26,"Queens",FALSE,535357
2024-11-27,"Bronx",FALSE,268146
2024-11-27,"Brooklyn",FALSE,751464
2024-11-27,"Brooklyn",TRUE,18943
2024-11-27,"Manhattan",FALSE,564252
2024-11-27,"Manhattan",TRUE,765925
2024-11-27,"Queens",FALSE,532607
2024-11-28,"Bronx",FALSE,104566
2024-11-28,"Brooklyn",FALSE,300575
2024-11-28,"Brooklyn",TRUE,7917
2024-11-28,"Manhattan",FALSE,261479
2024-11-28,"Manhattan",TRUE,460727
2024-11-28,"Queens",FALSE,229135
2024-11-29,"Bronx",FALSE,177873
2024-11-29,"Brooklyn",FALSE,514842
2024-11-29,"Brooklyn",TRUE,15941
2024-11-29,"Manhattan",FALSE,405380
2024-11-29,"Manhattan",TRUE,619164
2024-11-29,"Queens",FALSE,376609
2024-11-30,"Bronx",FALSE,142169
2024-11-30,"Brooklyn",FALSE,435379
2024-11-30,"Brooklyn",TRUE,17708
2024-11-30,"Manhattan",FALSE,349691
2024-11-30,"Manhattan",TRUE,566779
2024-11-30,"Queens",FALSE,315456
2024-12-01,"Bronx",FALSE,114665
2024-12-01,"Brooklyn",FALSE,380006
2024-12-01,"Brooklyn",TRUE,14197
2024-12-01,"Manhattan",FALSE,295539
2024-12-01,"Manhattan",TRUE,493798
2024-12-01,"Queens",FALSE,262177
2024-12-02,"Bronx",FALSE,274330
2024-12-02,"Brooklyn",FALSE,773918
2024-12-02,"Brooklyn",TRUE,19532
2024-12-02,"Manhattan",FALSE,589162
2024-12-02,"Manhattan",TRUE,735753
2024-12-02,"Queens",FALSE,519541
2024-12-03,"Bronx",FALSE,289837
2024-12-03,"Brooklyn",FALSE,813406
2024-12-03,"Brooklyn",TRUE,21144
2024-12-03,"Manhattan",FALSE,616952
2024-12-03,"Manhattan",TRUE,768631
2024-12-03,"Queens",FALSE,540733
2024-12-04,"Bronx",FALSE,288836
2024-12-04,"Brooklyn",FALSE,834746
2024-12-04,"Brooklyn",TRUE,22091
2024-12-04,"Manhattan",FALSE,629366
2024-12-04,"Manhattan",TRUE,800932
2024-12-04,"Queens",FALSE,547611
2024-12-05,"Bronx",FALSE,285492
2024-12-05,"Brooklyn",FALSE,833044
2024-12-05,"Brooklyn",TRUE,21437
2024-12-05,"Manhattan",FALSE,633232
2024-12-05,"Manhattan",TRUE,801205
2024-12-05,"Queens",FALSE,542158
2024-12-06,"Bronx",FALSE,275382
2024-12-06,"Brooklyn",FALSE,821155
2024-12-06,"Brooklyn",TRUE,23070
2024-12-06,"Manhattan",FALSE,629133
2024-12-06,"Manhattan",TRUE,810254
2024-12-06,"Queens",FALSE,540453
2024-12-07,"Bronx",FALSE,147800
2024-12-07,"Brooklyn",FALSE,566403
2024-12-07,"Brooklyn",TRUE,16585
2024-12-07,"Manhattan",FALSE,456962
2024-12-07,"Manhattan",TRUE,642595
2024-12-07,"Queens",FALSE,354127
2024-12-08,"Bronx",FALSE,113990
2024-12-08,"Brooklyn",FALSE,458224
2024-12-08,"Brooklyn",TRUE,14324
2024-12-08,"Manhattan",FALSE,369608
2024-12-08,"Manhattan",TRUE,583310
2024-12-08,"Queens",FALSE,286598
2024-12-09,"Bronx",FALSE,275071
2024-12-09,"Brooklyn",FALSE,782369
2024-12-09,"Brooklyn",TRUE,19905
2024-12-09,"Manhattan",FALSE,594701
2024-12-09,"Manhattan",TRUE,760016
2024-12-09,"Queens",FALSE,513772
2024-12-10,"Bronx",FALSE,287580
2024-12-10,"Brooklyn",FALSE,823663
2024-12-10,"Brooklyn",TRUE,21446
2024-12-10,"Manhattan",FALSE,621269
2024-12-10,"Manhattan",TRUE,791250
2024-12-10,"Queens",FALSE,539073
2024-12-11,"Bronx",FALSE,275081
2024-12-11,"Brooklyn",FALSE,791869
2024-12-11,"Brooklyn",TRUE,17794
2024-12-11,"Manhattan",FALSE,610517
2024-12-11,"Manhattan",TRUE,771569
2024-12-11,"Queens",FALSE,527698
2024-12-12,"Bronx",FALSE,289866
2024-12-12,"Brooklyn",FALSE,847225
2024-12-12,"Brooklyn",TRUE,24124
2024-12-12,"Manhattan",FALSE,647378
2024-12-12,"Manhattan",TRUE,806711
2024-12-12,"Queens",FALSE,548384
2024-12-13,"Bronx",FALSE,273407
2024-12-13,"Brooklyn",FALSE,825388
2024-12-13,"Brooklyn",TRUE,22619
2024-12-13,"Manhattan",FALSE,626370
2024-12-13,"Manhattan",TRUE,808661
2024-12-13,"Queens",FALSE,540851
2024-12-14,"Bronx",FALSE,154443
2024-12-14,"Brooklyn",FALSE,574491
2024-12-14,"Brooklyn",TRUE,21159
2024-12-14,"Manhattan",FALSE,423090
2024-12-14,"Manhattan",TRUE,631450
2024-12-14,"Queens",FALSE,363776
2024-12-15,"Bronx",FALSE,116311
2024-12-15,"Brooklyn",FALSE,456781
2024-12-15,"Brooklyn",TRUE,17436
2024-12-15,"Manhattan",FALSE,337184
2024-12-15,"Manhattan",TRUE,573949
2024-12-15,"Queens",FALSE,284971
2024-12-16,"Bronx",FALSE,261462
2024-12-16,"Brooklyn",FALSE,766848
2024-12-16,"Brooklyn",TRUE,19156
2024-12-16,"Manhattan",FALSE,581801
2024-12-16,"Manhattan",TRUE,746177
2024-12-16,"Queens",FALSE,506008
2024-12-17,"Bronx",FALSE,289430
2024-12-17,"Brooklyn",FALSE,827431
2024-12-17,"Brooklyn",TRUE,23629
2024-12-17,"Manhattan",FALSE,619553
2024-12-17,"Manhattan",TRUE,786788
2024-12-17,"Queens",FALSE,535482
2024-12-18,"Bronx",FALSE,285249
2024-12-18,"Brooklyn",FALSE,826311
2024-12-18,"Brooklyn",TRUE,22662
2024-12-18,"Manhattan",FALSE,616501
2024-12-18,"Manhattan",TRUE,781258
2024-12-18,"Queens",FALSE,532780
2024-12-19,"Bronx",FALSE,283463
2024-12-19,"Brooklyn",FALSE,832427
2024-12-19,"Brooklyn",TRUE,21711
2024-12-19,"Manhattan",FALSE,626395
2024-12-19,"Manhattan",TRUE,788144
2024-12-19,"Queens",FALSE,539182
2024-12-20,"Bronx",FALSE,267222
2024-12-20,"Brooklyn",FALSE,782363
2024-12-20,"Brooklyn",TRUE,19488
2024-12-20,"Manhattan",FALSE,592159
2024-12-20,"Manhattan",TRUE,783555
2024-12-20,"Queens",FALSE,530563
2024-12-21,"Bronx",FALSE,146311
2024-12-21,"Brooklyn",FALSE,492662
2024-12-21,"Brooklyn",TRUE,18981
2024-12-21,"Manhattan",FALSE,386011
2024-12-21,"Manhattan",TRUE,625719
2024-12-21,"Queens",FALSE,334964
2024-12-22,"Bronx",FALSE,112717
2024-12-22,"Brooklyn",FALSE,393041
2024-12-22,"Brooklyn",TRUE,15154
2024-12-22,"Manhattan",FALSE,311206
2024-12-22,"Manhattan",TRUE,547847
2024-12-22,"Queens",FALSE,266623
2024-12-23,"Bronx",FALSE,213493
2024-12-23,"Brooklyn",FALSE,617297
2024-12-23,"Brooklyn",TRUE,17333
2024-12-23,"Manhattan",FALSE,488110
2024-12-23,"Manhattan",TRUE,702360
2024-12-23,"Queens",FALSE,453643
2024-12-24,"Bronx",FALSE,179881
2024-12-24,"Brooklyn",FALSE,515397
2024-12-24,"Brooklyn",TRUE,14242
2024-12-24,"Manhattan",FALSE,405604
2024-12-24,"Manhattan",TRUE,629722
2024-12-24,"Queens",FALSE,382207
2024-12-25,"Bronx",FALSE,86492
2024-12-25,"Brooklyn",FALSE,251293
2024-12-25,"Brooklyn",TRUE,14647
2024-12-25,"Manhattan",FALSE,221185
2024-12-25,"Manhattan",TRUE,443912
2024-12-25,"Queens",FALSE,200020
2024-12-26,"Bronx",FALSE,196857
2024-12-26,"Brooklyn",FALSE,535814
2024-12-26,"Brooklyn",TRUE,18247
2024-12-26,"Manhattan",FALSE,426399
2024-12-26,"Manhattan",TRUE,663924
2024-12-26,"Queens",FALSE,406520
2024-12-27,"Bronx",FALSE,211075
2024-12-27,"Brooklyn",FALSE,591555
2024-12-27,"Brooklyn",TRUE,21881
2024-12-27,"Manhattan",FALSE,475378
2024-12-27,"Manhattan",TRUE,717069
2024-12-27,"Queens",FALSE,434837
2024-12-28,"Bronx",FALSE,131090
2024-12-28,"Brooklyn",FALSE,410644
2024-12-28,"Brooklyn",TRUE,15488
2024-12-28,"Manhattan",FALSE,353710
2024-12-28,"Manhattan",TRUE,602413
2024-12-28,"Queens",FALSE,306803
2024-12-29,"Bronx",FALSE,112523
2024-12-29,"Brooklyn",FALSE,402142
2024-12-29,"Brooklyn",TRUE,18860
2024-12-29,"Manhattan",FALSE,339090
2024-12-29,"Manhattan",TRUE,571353
2024-12-29,"Queens",FALSE,276315
2024-12-30,"Bronx",FALSE,216207
2024-12-30,"Brooklyn",FALSE,635973
2024-12-30,"Brooklyn",TRUE,21528
2024-12-30,"Manhattan",FALSE,503097
2024-12-30,"Manhattan",TRUE,728100
2024-12-30,"Queens",FALSE,450846
2024-12-31,"Bronx",FALSE,194341
2024-12-31,"Brooklyn",FALSE,595766
2024-12-31,"Brooklyn",TRUE,19623
2024-12-31,"Manhattan",FALSE,462089
2024-12-31,"Manhattan",TRUE,626747
2024-12-31,"Queens",FALSE,409445
2025-01-01,"Bronx",FALSE,88969
2025-01-01,"Brooklyn",FALSE,330717
2025-01-01,"Brooklyn",TRUE,17669
2025-01-01,"Manhattan",FALSE,290497
2025-01-01,"Manhattan",TRUE,514226
2025-01-01,"Queens",FALSE,213022
2025-01-02,"Bronx",FALSE,202875
2025-01-02,"Brooklyn",FALSE,604022
2025-01-02,"Brooklyn",TRUE,20213
2025-01-02,"Manhattan",FALSE,491966
2025-01-02,"Manhattan",TRUE,646580
2025-01-02,"Queens",FALSE,420690
2025-01-03,"Bronx",FALSE,207011
2025-01-03,"Brooklyn",FALSE,626816
2025-01-03,"Brooklyn",TRUE,18840
2025-01-03,"Manhattan",FALSE,505095
2025-01-03,"Manhattan",TRUE,652953
2025-01-03,"Queens",FALSE,431316
2025-01-04,"Bronx",FALSE,124698
2025-01-04,"Brooklyn",FALSE,427971
2025-01-04,"Brooklyn",TRUE,16697
2025-01-04,"Manhattan",FALSE,343227
2025-01-04,"Manhattan",TRUE,529158
2025-01-04,"Queens",FALSE,292660
2025-01-05,"Bronx",FALSE,98122
2025-01-05,"Brooklyn",FALSE,355350
2025-01-05,"Brooklyn",TRUE,12376
2025-01-05,"Manhattan",FALSE,277481
2025-01-05,"Manhattan",TRUE,460123
2025-01-05,"Queens",FALSE,238307
2025-01-06,"Bronx",FALSE,211925
2025-01-06,"Brooklyn",FALSE,620209
2025-01-06,"Brooklyn",TRUE,16067
2025-01-06,"Manhattan",FALSE,490221
2025-01-06,"Manhattan",TRUE,601210
2025-01-06,"Queens",FALSE,422558
2025-01-07,"Bronx",FALSE,217686
2025-01-07,"Brooklyn",FALSE,646576
2025-01-07,"Brooklyn",TRUE,17882
2025-01-07,"Manhattan",FALSE,509605
2025-01-07,"Manhattan",TRUE,620212
2025-01-07,"Queens",FALSE,437219
2025-01-08,"Bronx",FALSE,219209
2025-01-08,"Brooklyn",FALSE,657723
2025-01-08,"Brooklyn",TRUE,18069
2025-01-08,"Manhattan",FALSE,517032
2025-01-08,"Manhattan",TRUE,633452
2025-01-08,"Queens",FALSE,442278
2025-01-09,"Bronx",FALSE,215477
2025-01-09,"Brooklyn",FALSE,656720
2025-01-09,"Brooklyn",TRUE,17831
2025-01-09,"Manhattan",FALSE,523522
2025-01-09,"Manhattan",TRUE,637334
2025-01-09,"Queens",FALSE,438561
2025-01-10,"Bronx",FALSE,220329
2025-01-10,"Brooklyn",FALSE,661546
2025-01-10,"Brooklyn",TRUE,17444
2025-01-10,"Manhattan",FALSE,522956
2025-01-10,"Manhattan",TRUE,630774
2025-01-10,"Queens",FALSE,443229
2025-01-11,"Bronx",FALSE,127733
2025-01-11,"Brooklyn",FALSE,449491
2025-01-11,"Brooklyn",TRUE,14817
2025-01-11,"Manhattan",FALSE,346711
2025-01-11,"Manhattan",TRUE,516942
2025-01-11,"Queens",FALSE,296005
2025-01-12,"Bronx",FALSE,101341
2025-01-12,"Brooklyn",FALSE,373984
2025-01-12,"Brooklyn",TRUE,12769
2025-01-12,"Manhattan",FALSE,284339
2025-01-12,"Manhattan",TRUE,450611
2025-01-12,"Queens",FALSE,241710
2025-01-13,"Bronx",FALSE,221765
2025-01-13,"Brooklyn",FALSE,643034
2025-01-13,"Brooklyn",TRUE,16944
2025-01-13,"Manhattan",FALSE,504515
2025-01-13,"Manhattan",TRUE,608551
2025-01-13,"Queens",FALSE,434642
2025-01-14,"Bronx",FALSE,227319
2025-01-14,"Brooklyn",FALSE,664853
2025-01-14,"Brooklyn",TRUE,17448
2025-01-14,"Manhattan",FALSE,527886
2025-01-14,"Manhattan",TRUE,630726
2025-01-14,"Queens",FALSE,451767
2025-01-15,"Bronx",FALSE,227996
2025-01-15,"Brooklyn",FALSE,673305
2025-01-15,"Brooklyn",TRUE,18147
2025-01-15,"Manhattan",FALSE,529319
2025-01-15,"Manhattan",TRUE,637606
2025-01-15,"Queens",FALSE,454550
2025-01-16,"Bronx",FALSE,227685
2025-01-16,"Brooklyn",FALSE,675965
2025-01-16,"Brooklyn",TRUE,17111
2025-01-16,"Manhattan",FALSE,537663
2025-01-16,"Manhattan",TRUE,641140
2025-01-16,"Queens",FALSE,451489
2025-01-17,"Bronx",FALSE,224946
2025-01-17,"Brooklyn",FALSE,673601
2025-01-17,"Brooklyn",TRUE,17749
2025-01-17,"Manhattan",FALSE,529949
2025-01-17,"Manhattan",TRUE,642708
2025-01-17,"Queens",FALSE,453117
2025-01-18,"Bronx",FALSE,127693
2025-01-18,"Brooklyn",FALSE,448012
2025-01-18,"Brooklyn",TRUE,14553
2025-01-18,"Manhattan",FALSE,358145
2025-01-18,"Manhattan",TRUE,507627
2025-01-18,"Queens",FALSE,298217
2025-01-19,"Bronx",FALSE,96036
2025-01-19,"Brooklyn",FALSE,365843
2025-01-19,"Brooklyn",TRUE,12098
2025-01-19,"Manhattan",FALSE,294147
2025-01-19,"Manhattan",TRUE,459749
2025-01-19,"Queens",FALSE,232314
2025-01-20,"Bronx",FALSE,142020
2025-01-20,"Brooklyn",FALSE,457103
2025-01-20,"Brooklyn",TRUE,12351
2025-01-20,"Manhattan",FALSE,353620
2025-01-20,"Manhattan",TRUE,485209
2025-01-20,"Queens",FALSE,321416
2025-01-21,"Bronx",FALSE,215198
2025-01-21,"Brooklyn",FALSE,640062
2025-01-21,"Brooklyn",TRUE,18184
2025-01-21,"Manhattan",FALSE,508743
2025-01-21,"Manhattan",TRUE,610395
2025-01-21,"Queens",FALSE,420600
2025-01-22,"Bronx",FALSE,219541
2025-01-22,"Brooklyn",FALSE,655464
2025-01-22,"Brooklyn",TRUE,17810
2025-01-22,"Manhattan",FALSE,520020
2025-01-22,"Manhattan",TRUE,624060
2025-01-22,"Queens",FALSE,432750
2025-01-23,"Bronx",FALSE,227970
2025-01-23,"Brooklyn",FALSE,675777
2025-01-23,"Brooklyn",TRUE,18529
2025-01-23,"Manhattan",FALSE,535016
2025-01-23,"Manhattan",TRUE,636038
2025-01-23,"Queens",FALSE,448796
2025-01-24,"Bronx",FALSE,226423
2025-01-24,"Brooklyn",FALSE,675777
2025-01-24,"Brooklyn",TRUE,17249
2025-01-24,"Manhattan",FALSE,542007
2025-01-24,"Manhattan",TRUE,643175
2025-01-24,"Queens",FALSE,448472
2025-01-25,"Bronx",FALSE,133386
2025-01-25,"Brooklyn",FALSE,472048
2025-01-25,"Brooklyn",TRUE,16268
2025-01-25,"Manhattan",FALSE,380793
2025-01-25,"Manhattan",TRUE,533248
2025-01-25,"Queens",FALSE,304579
2025-01-26,"Bronx",FALSE,103948
2025-01-26,"Brooklyn",FALSE,381058
2025-01-26,"Brooklyn",TRUE,12530
2025-01-26,"Manhattan",FALSE,305963
2025-01-26,"Manhattan",TRUE,453296
2025-01-26,"Queens",FALSE,243483
2025-01-27,"Bronx",FALSE,234589
2025-01-27,"Brooklyn",FALSE,668114
2025-01-27,"Brooklyn",TRUE,17881
2025-01-27,"Manhattan",FALSE,529046
2025-01-27,"Manhattan",TRUE,616782
2025-01-27,"Queens",FALSE,443070
2025-01-28,"Bronx",FALSE,243875
2025-01-28,"Brooklyn",FALSE,689051
2025-01-28,"Brooklyn",TRUE,18183
2025-01-28,"Manhattan",FALSE,551446
2025-01-28,"Manhattan",TRUE,637420
2025-01-28,"Queens",FALSE,458364
2025-01-29,"Bronx",FALSE,226389
2025-01-29,"Brooklyn",FALSE,659605
2025-01-29,"Brooklyn",TRUE,18134
2025-01-29,"Manhattan",FALSE,532267
2025-01-29,"Manhattan",TRUE,641987
2025-01-29,"Queens",FALSE,440059
2025-01-30,"Bronx",FALSE,247157
2025-01-30,"Brooklyn",FALSE,704250
2025-01-30,"Brooklyn",TRUE,18118
2025-01-30,"Manhattan",FALSE,564402
2025-01-30,"Manhattan",TRUE,652438
2025-01-30,"Queens",FALSE,464760
2025-01-31,"Bronx",FALSE,231229
2025-01-31,"Brooklyn",FALSE,679728
2025-01-31,"Brooklyn",TRUE,16225
2025-01-31,"Manhattan",FALSE,540688
2025-01-31,"Manhattan",TRUE,640147
2025-01-31,"Queens",FALSE,450278
2025-02-01,"Bronx",FALSE,137913
2025-02-01,"Brooklyn",FALSE,469165
2025-02-01,"Brooklyn",TRUE,15546
2025-02-01,"Manhattan",FALSE,378231
2025-02-01,"Manhattan",TRUE,520068
2025-02-01,"Queens",FALSE,310697
2025-02-02,"Bronx",FALSE,101927
2025-02-02,"Brooklyn",FALSE,368514
2025-02-02,"Brooklyn",TRUE,11386
2025-02-02,"Manhattan",FALSE,299907
2025-02-02,"Manhattan",TRUE,449131
2025-02-02,"Queens",FALSE,241759
2025-02-03,"Bronx",FALSE,236218
2025-02-03,"Brooklyn",FALSE,670917
2025-02-03,"Brooklyn",TRUE,17151
2025-02-03,"Manhattan",FALSE,531024
2025-02-03,"Manhattan",TRUE,622795
2025-02-03,"Queens",FALSE,447557
2025-02-04,"Bronx",FALSE,254449
2025-02-04,"Brooklyn",FALSE,711278
2025-02-04,"Brooklyn",TRUE,19661
2025-02-04,"Manhattan",FALSE,563100
2025-02-04,"Manhattan",TRUE,653507
2025-02-04,"Queens",FALSE,473413
2025-02-05,"Bronx",FALSE,254854
2025-02-05,"Brooklyn",FALSE,711843
2025-02-05,"Brooklyn",TRUE,19271
2025-02-05,"Manhattan",FALSE,567586
2025-02-05,"Manhattan",TRUE,657542
2025-02-05,"Queens",FALSE,475675
2025-02-06,"Bronx",FALSE,237478
2025-02-06,"Brooklyn",FALSE,689267
2025-02-06,"Brooklyn",TRUE,18225
2025-02-06,"Manhattan",FALSE,551181
2025-02-06,"Manhattan",TRUE,645871
2025-02-06,"Queens",FALSE,457088
2025-02-07,"Bronx",FALSE,244864
2025-02-07,"Brooklyn",FALSE,711814
2025-02-07,"Brooklyn",TRUE,19128
2025-02-07,"Manhattan",FALSE,569341
2025-02-07,"Manhattan",TRUE,665161
2025-02-07,"Queens",FALSE,470018
2025-02-08,"Bronx",FALSE,139805
2025-02-08,"Brooklyn",FALSE,487988
2025-02-08,"Brooklyn",TRUE,15124
2025-02-08,"Manhattan",FALSE,392663
2025-02-08,"Manhattan",TRUE,538644
2025-02-08,"Queens",FALSE,318186
2025-02-09,"Bronx",FALSE,102670
2025-02-09,"Brooklyn",FALSE,390172
2025-02-09,"Brooklyn",TRUE,11231
2025-02-09,"Manhattan",FALSE,313175
2025-02-09,"Manhattan",TRUE,453686
2025-02-09,"Queens",FALSE,245777
2025-02-10,"Bronx",FALSE,242132
2025-02-10,"Brooklyn",FALSE,685004
2025-02-10,"Brooklyn",TRUE,18197
2025-02-10,"Manhattan",FALSE,538403
2025-02-10,"Manhattan",TRUE,625163
2025-02-10,"Queens",FALSE,453266
2025-02-11,"Bronx",FALSE,251873
2025-02-11,"Brooklyn",FALSE,704283
2025-02-11,"Brooklyn",TRUE,17735
2025-02-11,"Manhattan",FALSE,558450
2025-02-11,"Manhattan",TRUE,649608
2025-02-11,"Queens",FALSE,466619
2025-02-12,"Bronx",FALSE,237290
2025-02-12,"Brooklyn",FALSE,693462
2025-02-12,"Brooklyn",TRUE,18875
2025-02-12,"Manhattan",FALSE,552174
2025-02-12,"Manhattan",TRUE,648912
2025-02-12,"Queens",FALSE,454867
2025-02-13,"Bronx",FALSE,250055
2025-02-13,"Brooklyn",FALSE,725117
2025-02-13,"Brooklyn",TRUE,18990
2025-02-13,"Manhattan",FALSE,569892
2025-02-13,"Manhattan",TRUE,662937
2025-02-13,"Queens",FALSE,472363
2025-02-14,"Bronx",FALSE,241792
2025-02-14,"Brooklyn",FALSE,709438
2025-02-14,"Brooklyn",TRUE,19038
2025-02-14,"Manhattan",FALSE,567827
2025-02-14,"Manhattan",TRUE,670069
2025-02-14,"Queens",FALSE,480644
2025-02-15,"Bronx",FALSE,131791
2025-02-15,"Brooklyn",FALSE,439530
2025-02-15,"Brooklyn",TRUE,14340
2025-02-15,"Manhattan",FALSE,375168
2025-02-15,"Manhattan",TRUE,528281
2025-02-15,"Queens",FALSE,299117
2025-02-16,"Bronx",FALSE,97576
2025-02-16,"Brooklyn",FALSE,351664
2025-02-16,"Brooklyn",TRUE,10799
2025-02-16,"Manhattan",FALSE,299808
2025-02-16,"Manhattan",TRUE,466085
2025-02-16,"Queens",FALSE,230197
2025-02-17,"Bronx",FALSE,160169
2025-02-17,"Brooklyn",FALSE,486502
2025-02-17,"Brooklyn",TRUE,16027
2025-02-17,"Manhattan",FALSE,398126
2025-02-17,"Manhattan",TRUE,524229
2025-02-17,"Queens",FALSE,345282
2025-02-18,"Bronx",FALSE,227698
2025-02-18,"Brooklyn",FALSE,661047
2025-02-18,"Brooklyn",TRUE,19282
2025-02-18,"Manhattan",FALSE,538388
2025-02-18,"Manhattan",TRUE,653005
2025-02-18,"Queens",FALSE,443124
2025-02-19,"Bronx",FALSE,231581
2025-02-19,"Brooklyn",FALSE,674243
2025-02-19,"Brooklyn",TRUE,19183
2025-02-19,"Manhattan",FALSE,557162
2025-02-19,"Manhattan",TRUE,667707
2025-02-19,"Queens",FALSE,451458
2025-02-20,"Bronx",FALSE,231172
2025-02-20,"Brooklyn",FALSE,683276
2025-02-20,"Brooklyn",TRUE,19955
2025-02-20,"Manhattan",FALSE,552679
2025-02-20,"Manhattan",TRUE,667960
2025-02-20,"Queens",FALSE,450053
2025-02-21,"Bronx",FALSE,223515
2025-02-21,"Brooklyn",FALSE,663429
2025-02-21,"Brooklyn",TRUE,19063
2025-02-21,"Manhattan",FALSE,539716
2025-02-21,"Manhattan",TRUE,667939
2025-02-21,"Queens",FALSE,451031
2025-02-22,"Bronx",FALSE,139277
2025-02-22,"Brooklyn",FALSE,490781
2025-02-22,"Brooklyn",TRUE,17498
2025-02-22,"Manhattan",FALSE,388903
2025-02-22,"Manhattan",TRUE,533642
2025-02-22,"Queens",FALSE,295366
2025-02-23,"Bronx",FALSE,106134
2025-02-23,"Brooklyn",FALSE,398026
2025-02-23,"Brooklyn",TRUE,13669
2025-02-23,"Manhattan",FALSE,315719
2025-02-23,"Manhattan",TRUE,465278
2025-02-23,"Queens",FALSE,240332
2025-02-24,"Bronx",FALSE,246743
2025-02-24,"Brooklyn",FALSE,684590
2025-02-24,"Brooklyn",TRUE,18147
2025-02-24,"Manhattan",FALSE,531768
2025-02-24,"Manhattan",TRUE,637546
2025-02-24,"Queens",FALSE,453309
2025-02-25,"Bronx",FALSE,256675
2025-02-25,"Brooklyn",FALSE,713863
2025-02-25,"Brooklyn",TRUE,19758
2025-02-25,"Manhattan",FALSE,557349
2025-02-25,"Manhattan",TRUE,657752
2025-02-25,"Queens",FALSE,472087
2025-02-26,"Bronx",FALSE,261050
2025-02-26,"Brooklyn",FALSE,732048
2025-02-26,"Brooklyn",TRUE,21059
2025-02-26,"Manhattan",FALSE,574171
2025-02-26,"Manhattan",TRUE,676610
2025-02-26,"Queens",FALSE,476736
2025-02-27,"Bronx",FALSE,255075
2025-02-27,"Brooklyn",FALSE,726930
2025-02-27,"Brooklyn",TRUE,19330
2025-02-27,"Manhattan",FALSE,575635
2025-02-27,"Manhattan",TRUE,679641
2025-02-27,"Queens",FALSE,473643
2025-02-28,"Bronx",FALSE,249709
2025-02-28,"Brooklyn",FALSE,726796
2025-02-28,"Brooklyn",TRUE,20617
2025-02-28,"Manhattan",FALSE,572212
2025-02-28,"Manhattan",TRUE,678472
2025-02-28,"Queens",FALSE,477295
2025-03-01,"Bronx",FALSE,144892
2025-03-01,"Brooklyn",FALSE,519118
2025-03-01,"Brooklyn",TRUE,18412
2025-03-01,"Manhattan",FALSE,410802
2025-03-01,"Manhattan",TRUE,561084
2025-03-01,"Queens",FALSE,318871
2025-03-02,"Bronx",FALSE,104321
2025-03-02,"Brooklyn",FALSE,403661
2025-03-02,"Brooklyn",TRUE,13263
2025-03-02,"Manhattan",FALSE,317679
2025-03-02,"Manhattan",TRUE,468229
2025-03-02,"Queens",FALSE,245949
2025-03-03,"Bronx",FALSE,245806
2025-03-03,"Brooklyn",FALSE,683177
2025-03-03,"Brooklyn",TRUE,19167
2025-03-03,"Manhattan",FALSE,548736
2025-03-03,"Manhattan",TRUE,650226
2025-03-03,"Queens",FALSE,452699
2025-03-04,"Bronx",FALSE,258021
2025-03-04,"Brooklyn",FALSE,718734
2025-03-04,"Brooklyn",TRUE,20010
2025-03-04,"Manhattan",FALSE,573065
2025-03-04,"Manhattan",TRUE,669430
2025-03-04,"Queens",FALSE,470142
2025-03-05,"Bronx",FALSE,251298
2025-03-05,"Brooklyn",FALSE,708316
2025-03-05,"Brooklyn",TRUE,19194
2025-03-05,"Manhattan",FALSE,569519
2025-03-05,"Manhattan",TRUE,674036
2025-03-05,"Queens",FALSE,464614
2025-03-06,"Bronx",FALSE,256300
2025-03-06,"Brooklyn",FALSE,732478
2025-03-06,"Brooklyn",TRUE,20623
2025-03-06,"Manhattan",FALSE,581861
2025-03-06,"Manhattan",TRUE,683157
2025-03-06,"Queens",FALSE,479384
2025-03-07,"Bronx",FALSE,246944
2025-03-07,"Brooklyn",FALSE,721958
2025-03-07,"Brooklyn",TRUE,20216
2025-03-07,"Manhattan",FALSE,576176
2025-03-07,"Manhattan",TRUE,688768
2025-03-07,"Queens",FALSE,478767
2025-03-08,"Bronx",FALSE,145764
2025-03-08,"Brooklyn",FALSE,520045
2025-03-08,"Brooklyn",TRUE,17799
2025-03-08,"Manhattan",FALSE,414827
2025-03-08,"Manhattan",TRUE,554447
2025-03-08,"Queens",FALSE,316105
2025-03-09,"Bronx",FALSE,106512
2025-03-09,"Brooklyn",FALSE,413320
2025-03-09,"Brooklyn",TRUE,14583
2025-03-09,"Manhattan",FALSE,325428
2025-03-09,"Manhattan",TRUE,481891
2025-03-09,"Queens",FALSE,246795
2025-03-10,"Bronx",FALSE,248858
2025-03-10,"Brooklyn",FALSE,702807
2025-03-10,"Brooklyn",TRUE,20779
2025-03-10,"Manhattan",FALSE,557872
2025-03-10,"Manhattan",TRUE,651687
2025-03-10,"Queens",FALSE,465499
2025-03-11,"Bronx",FALSE,260181
2025-03-11,"Brooklyn",FALSE,727696
2025-03-11,"Brooklyn",TRUE,20743
2025-03-11,"Manhattan",FALSE,584402
2025-03-11,"Manhattan",TRUE,684324
2025-03-11,"Queens",FALSE,486299
2025-03-12,"Bronx",FALSE,259738
2025-03-12,"Brooklyn",FALSE,739275
2025-03-12,"Brooklyn",TRUE,20777
2025-03-12,"Manhattan",FALSE,589586
2025-03-12,"Manhattan",TRUE,697617
2025-03-12,"Queens",FALSE,484774
2025-03-13,"Bronx",FALSE,258952
2025-03-13,"Brooklyn",FALSE,743882
2025-03-13,"Brooklyn",TRUE,22140
2025-03-13,"Manhattan",FALSE,595782
2025-03-13,"Manhattan",TRUE,700719
2025-03-13,"Queens",FALSE,482095
2025-03-14,"Bronx",FALSE,249279
2025-03-14,"Brooklyn",FALSE,722425
2025-03-14,"Brooklyn",TRUE,20683
2025-03-14,"Manhattan",FALSE,582971
2025-03-14,"Manhattan",TRUE,703005
2025-03-14,"Queens",FALSE,485004
2025-03-15,"Bronx",FALSE,132220
2025-03-15,"Brooklyn",FALSE,520266
2025-03-15,"Brooklyn",TRUE,19530
2025-03-15,"Manhattan",FALSE,412836
2025-03-15,"Manhattan",TRUE,560540
2025-03-15,"Queens",FALSE,330847
2025-03-16,"Bronx",FALSE,99661
2025-03-16,"Brooklyn",FALSE,432135
2025-03-16,"Brooklyn",TRUE,15844
2025-03-16,"Manhattan",FALSE,340072
2025-03-16,"Manhattan",TRUE,512009
2025-03-16,"Queens",FALSE,261038
2025-03-17,"Bronx",FALSE,240123
2025-03-17,"Brooklyn",FALSE,685451
2025-03-17,"Brooklyn",TRUE,18168
2025-03-17,"Manhattan",FALSE,544278
2025-03-17,"Manhattan",TRUE,657981
2025-03-17,"Queens",FALSE,459437
2025-03-18,"Bronx",FALSE,259267
2025-03-18,"Brooklyn",FALSE,729570
2025-03-18,"Brooklyn",TRUE,22690
2025-03-18,"Manhattan",FALSE,581241
2025-03-18,"Manhattan",TRUE,692587
2025-03-18,"Queens",FALSE,486843
2025-03-19,"Bronx",FALSE,263649
2025-03-19,"Brooklyn",FALSE,743963
2025-03-19,"Brooklyn",TRUE,22085
2025-03-19,"Manhattan",FALSE,588285
2025-03-19,"Manhattan",TRUE,697056
2025-03-19,"Queens",FALSE,492927
2025-03-20,"Bronx",FALSE,258401
2025-03-20,"Brooklyn",FALSE,736458
2025-03-20,"Brooklyn",TRUE,20129
2025-03-20,"Manhattan",FALSE,583241
2025-03-20,"Manhattan",TRUE,698169
2025-03-20,"Queens",FALSE,483272
2025-03-21,"Bronx",FALSE,250818
2025-03-21,"Brooklyn",FALSE,732089
2025-03-21,"Brooklyn",TRUE,20879
2025-03-21,"Manhattan",FALSE,569284
2025-03-21,"Manhattan",TRUE,695630
2025-03-21,"Queens",FALSE,485010
2025-03-22,"Bronx",FALSE,144240
2025-03-22,"Brooklyn",FALSE,517711
2025-03-22,"Brooklyn",TRUE,21304
2025-03-22,"Manhattan",FALSE,423374
2025-03-22,"Manhattan",TRUE,545299
2025-03-22,"Queens",FALSE,332496
2025-03-23,"Bronx",FALSE,104963
2025-03-23,"Brooklyn",FALSE,414193
2025-03-23,"Brooklyn",TRUE,16804
2025-03-23,"Manhattan",FALSE,335112
2025-03-23,"Manhattan",TRUE,480900
2025-03-23,"Queens",FALSE,262641
2025-03-24,"Bronx",FALSE,236628
2025-03-24,"Brooklyn",FALSE,672960
2025-03-24,"Brooklyn",TRUE,16580
2025-03-24,"Manhattan",FALSE,535407
2025-03-24,"Manhattan",TRUE,643716
2025-03-24,"Queens",FALSE,451177
2025-03-25,"Bronx",FALSE,259444
2025-03-25,"Brooklyn",FALSE,735716
2025-03-25,"Brooklyn",TRUE,21795
2025-03-25,"Manhattan",FALSE,583564
2025-03-25,"Manhattan",TRUE,689611
2025-03-25,"Queens",FALSE,486731
2025-03-26,"Bronx",FALSE,259967
2025-03-26,"Brooklyn",FALSE,737840
2025-03-26,"Brooklyn",TRUE,21848
2025-03-26,"Manhattan",FALSE,584729
2025-03-26,"Manhattan",TRUE,696292
2025-03-26,"Queens",FALSE,485608
2025-03-27,"Bronx",FALSE,262645
2025-03-27,"Brooklyn",FALSE,748199
2025-03-27,"Brooklyn",TRUE,21678
2025-03-27,"Manhattan",FALSE,595112
2025-03-27,"Manhattan",TRUE,705980
2025-03-27,"Queens",FALSE,489629
2025-03-28,"Bronx",FALSE,251402
2025-03-28,"Brooklyn",FALSE,730757
2025-03-28,"Brooklyn",TRUE,21424
2025-03-28,"Manhattan",FALSE,576819
2025-03-28,"Manhattan",TRUE,703493
2025-03-28,"Queens",FALSE,483354
2025-03-29,"Bronx",FALSE,150284
2025-03-29,"Brooklyn",FALSE,521459
2025-03-29,"Brooklyn",TRUE,21925
2025-03-29,"Manhattan",FALSE,419604
2025-03-29,"Manhattan",TRUE,577156
2025-03-29,"Queens",FALSE,353234
2025-03-30,"Bronx",FALSE,110098
2025-03-30,"Brooklyn",FALSE,399178
2025-03-30,"Brooklyn",TRUE,15376
2025-03-30,"Manhattan",FALSE,325221
2025-03-30,"Manhattan",TRUE,498570
2025-03-30,"Queens",FALSE,267455
2025-03-31,"Bronx",FALSE,220560
2025-03-31,"Brooklyn",FALSE,651443
2025-03-31,"Brooklyn",TRUE,18557
2025-03-31,"Manhattan",FALSE,519452
2025-03-31,"Manhattan",TRUE,638101
2025-03-31,"Queens",FALSE,439606
2025-04-01,"Bronx",FALSE,264210
2025-04-01,"Brooklyn",FALSE,735039
2025-04-01,"Brooklyn",TRUE,20786
2025-04-01,"Manhattan",FALSE,579554
2025-04-01,"Manhattan",TRUE,687879
2025-04-01,"Queens",FALSE,482490
2025-04-02,"Bronx",FALSE,267467
2025-04-02,"Brooklyn",FALSE,741315
2025-04-02,"Brooklyn",TRUE,20935
2025-04-02,"Manhattan",FALSE,583778
2025-04-02,"Manhattan",TRUE,695650
2025-04-02,"Queens",FALSE,485527
2025-04-03,"Bronx",FALSE,266653
2025-04-03,"Brooklyn",FALSE,748829
2025-04-03,"Brooklyn",TRUE,22000
2025-04-03,"Manhattan",FALSE,594506
2025-04-03,"Manhattan",TRUE,692116
2025-04-03,"Queens",FALSE,487800
2025-04-04,"Bronx",FALSE,252883
2025-04-04,"Brooklyn",FALSE,741498
2025-04-04,"Brooklyn",TRUE,21843
2025-04-04,"Manhattan",FALSE,591223
2025-04-04,"Manhattan",TRUE,696649
2025-04-04,"Queens",FALSE,499163
2025-04-05,"Bronx",FALSE,134023
2025-04-05,"Brooklyn",FALSE,489407
2025-04-05,"Brooklyn",TRUE,18141
2025-04-05,"Manhattan",FALSE,400363
2025-04-05,"Manhattan",TRUE,558312
2025-04-05,"Queens",FALSE,327327
2025-04-06,"Bronx",FALSE,106509
2025-04-06,"Brooklyn",FALSE,407109
2025-04-06,"Brooklyn",TRUE,16848
2025-04-06,"Manhattan",FALSE,329066
2025-04-06,"Manhattan",TRUE,484526
2025-04-06,"Queens",FALSE,262754
2025-04-07,"Bronx",FALSE,245226
2025-04-07,"Brooklyn",FALSE,690823
2025-04-07,"Brooklyn",TRUE,18635
2025-04-07,"Manhattan",FALSE,556457
2025-04-07,"Manhattan",TRUE,663539
2025-04-07,"Queens",FALSE,464109
2025-04-08,"Bronx",FALSE,261887
2025-04-08,"Brooklyn",FALSE,742027
2025-04-08,"Brooklyn",TRUE,22747
2025-04-08,"Manhattan",FALSE,591186
2025-04-08,"Manhattan",TRUE,696730
2025-04-08,"Queens",FALSE,486548
2025-04-09,"Bronx",FALSE,261109
2025-04-09,"Brooklyn",FALSE,741525
2025-04-09,"Brooklyn",TRUE,22350
2025-04-09,"Manhattan",FALSE,598432
2025-04-09,"Manhattan",TRUE,705810
2025-04-09,"Queens",FALSE,490299
2025-04-10,"Bronx",FALSE,261748
2025-04-10,"Brooklyn",FALSE,749046
2025-04-10,"Brooklyn",TRUE,23214
2025-04-10,"Manhattan",FALSE,600418
2025-04-10,"Manhattan",TRUE,699035
2025-04-10,"Queens",FALSE,486125
2025-04-11,"Bronx",FALSE,249500
2025-04-11,"Brooklyn",FALSE,712887
2025-04-11,"Brooklyn",TRUE,18970
2025-04-11,"Manhattan",FALSE,585192
2025-04-11,"Manhattan",TRUE,694313
2025-04-11,"Queens",FALSE,475371
2025-04-12,"Bronx",FALSE,131847
2025-04-12,"Brooklyn",FALSE,484065
2025-04-12,"Brooklyn",TRUE,16130
2025-04-12,"Manhattan",FALSE,398878
2025-04-12,"Manhattan",TRUE,568403
2025-04-12,"Queens",FALSE,317113
2025-04-13,"Bronx",FALSE,111141
2025-04-13,"Brooklyn",FALSE,422501
2025-04-13,"Brooklyn",TRUE,20907
2025-04-13,"Manhattan",FALSE,361098
2025-04-13,"Manhattan",TRUE,532560
2025-04-13,"Queens",FALSE,274622
2025-04-14,"Bronx",FALSE,237193
2025-04-14,"Brooklyn",FALSE,644619
2025-04-14,"Brooklyn",TRUE,22543
2025-04-14,"Manhattan",FALSE,548308
2025-04-14,"Manhattan",TRUE,674929
2025-04-14,"Queens",FALSE,445653
2025-04-15,"Bronx",FALSE,244726
2025-04-15,"Brooklyn",FALSE,687367
2025-04-15,"Brooklyn",TRUE,22901
2025-04-15,"Manhattan",FALSE,569409
2025-04-15,"Manhattan",TRUE,694872
2025-04-15,"Queens",FALSE,459072
2025-04-16,"Bronx",FALSE,246321
2025-04-16,"Brooklyn",FALSE,693634
2025-04-16,"Brooklyn",TRUE,23029
2025-04-16,"Manhattan",FALSE,578187
2025-04-16,"Manhattan",TRUE,701017
2025-04-16,"Queens",FALSE,468745
2025-04-17,"Bronx",FALSE,240649
2025-04-17,"Brooklyn",FALSE,711778
2025-04-17,"Brooklyn",TRUE,26582
2025-04-17,"Manhattan",FALSE,589513
2025-04-17,"Manhattan",TRUE,713920
2025-04-17,"Queens",FALSE,477316
2025-04-18,"Bronx",FALSE,213237
2025-04-18,"Brooklyn",FALSE,666937
2025-04-18,"Brooklyn",TRUE,25379
2025-04-18,"Manhattan",FALSE,557196
2025-04-18,"Manhattan",TRUE,693335
2025-04-18,"Queens",FALSE,451675
2025-04-19,"Bronx",FALSE,149272
2025-04-19,"Brooklyn",FALSE,538285
2025-04-19,"Brooklyn",TRUE,24759
2025-04-19,"Manhattan",FALSE,439917
2025-04-19,"Manhattan",TRUE,581488
2025-04-19,"Queens",FALSE,340821
2025-04-20,"Bronx",FALSE,109441
2025-04-20,"Brooklyn",FALSE,405715
2025-04-20,"Brooklyn",TRUE,20741
2025-04-20,"Manhattan",FALSE,350579
2025-04-20,"Manhattan",TRUE,500413
2025-04-20,"Queens",FALSE,261574
2025-04-21,"Bronx",FALSE,241112
2025-04-21,"Brooklyn",FALSE,684795
2025-04-21,"Brooklyn",TRUE,20264
2025-04-21,"Manhattan",FALSE,550537
2025-04-21,"Manhattan",TRUE,651876
2025-04-21,"Queens",FALSE,458509
2025-04-22,"Bronx",FALSE,259940
2025-04-22,"Brooklyn",FALSE,738948
2025-04-22,"Brooklyn",TRUE,23241
2025-04-22,"Manhattan",FALSE,587101
2025-04-22,"Manhattan",TRUE,683619
2025-04-22,"Queens",FALSE,489040
2025-04-23,"Bronx",FALSE,263726
2025-04-23,"Brooklyn",FALSE,751346
2025-04-23,"Brooklyn",TRUE,23839
2025-04-23,"Manhattan",FALSE,602951
2025-04-23,"Manhattan",TRUE,703597
2025-04-23,"Queens",FALSE,497857
2025-04-24,"Bronx",FALSE,262768
2025-04-24,"Brooklyn",FALSE,760239
2025-04-24,"Brooklyn",TRUE,24742
2025-04-24,"Manhattan",FALSE,606380
2025-04-24,"Manhattan",TRUE,697304
2025-04-24,"Queens",FALSE,496023
2025-04-25,"Bronx",FALSE,260790
2025-04-25,"Brooklyn",FALSE,752516
2025-04-25,"Brooklyn",TRUE,26134
2025-04-25,"Manhattan",FALSE,599668
2025-04-25,"Manhattan",TRUE,699830
2025-04-25,"Queens",FALSE,491375
2025-04-26,"Bronx",FALSE,147691
2025-04-26,"Brooklyn",FALSE,495559
2025-04-26,"Brooklyn",TRUE,20992
2025-04-26,"Manhattan",FALSE,419630
2025-04-26,"Manhattan",TRUE,557728
2025-04-26,"Queens",FALSE,326982
2025-04-27,"Bronx",FALSE,120726
2025-04-27,"Brooklyn",FALSE,469471
2025-04-27,"Brooklyn",TRUE,23272
2025-04-27,"Manhattan",FALSE,371761
2025-04-27,"Manhattan",TRUE,513134
2025-04-27,"Queens",FALSE,279301
2025-04-28,"Bronx",FALSE,250964
2025-04-28,"Brooklyn",FALSE,711288
2025-04-28,"Brooklyn",TRUE,23659
2025-04-28,"Manhattan",FALSE,569079
2025-04-28,"Manhattan",TRUE,662532
2025-04-28,"Queens",FALSE,470594
2025-04-29,"Bronx",FALSE,262859
2025-04-29,"Brooklyn",FALSE,743650
2025-04-29,"Brooklyn",TRUE,23426
2025-04-29,"Manhattan",FALSE,593444
2025-04-29,"Manhattan",TRUE,685703
2025-04-29,"Queens",FALSE,490574
2025-04-30,"Bronx",FALSE,264698
2025-04-30,"Brooklyn",FALSE,758572
2025-04-30,"Brooklyn",TRUE,24215
2025-04-30,"Manhattan",FALSE,605166
2025-04-30,"Manhattan",TRUE,689849
2025-04-30,"Queens",FALSE,495505
2025-05-01,"Bronx",FALSE,265234
2025-05-01,"Brooklyn",FALSE,764396
2025-05-01,"Brooklyn",TRUE,24178
2025-05-01,"Manhattan",FALSE,607420
2025-05-01,"Manhattan",TRUE,694215
2025-05-01,"Queens",FALSE,497912
2025-05-02,"Bronx",FALSE,260506
2025-05-02,"Brooklyn",FALSE,756278
2025-05-02,"Brooklyn",TRUE,23716
2025-05-02,"Manhattan",FALSE,599772
2025-05-02,"Manhattan",TRUE,694961
2025-05-02,"Queens",FALSE,488602
2025-05-03,"Bronx",FALSE,154683
2025-05-03,"Brooklyn",FALSE,512156
2025-05-03,"Brooklyn",TRUE,26084
2025-05-03,"Manhattan",FALSE,452254
2025-05-03,"Manhattan",TRUE,574966
2025-05-03,"Queens",FALSE,351432
2025-05-04,"Bronx",FALSE,116092
2025-05-04,"Brooklyn",FALSE,407107
2025-05-04,"Brooklyn",TRUE,18431
2025-05-04,"Manhattan",FALSE,362571
2025-05-04,"Manhattan",TRUE,486004
2025-05-04,"Queens",FALSE,273650
2025-05-05,"Bronx",FALSE,245470
2025-05-05,"Brooklyn",FALSE,699959
2025-05-05,"Brooklyn",TRUE,19673
2025-05-05,"Manhattan",FALSE,553817
2025-05-05,"Manhattan",TRUE,639446
2025-05-05,"Queens",FALSE,454684
2025-05-06,"Bronx",FALSE,258975
2025-05-06,"Brooklyn",FALSE,733200
2025-05-06,"Brooklyn",TRUE,20672
2025-05-06,"Manhattan",FALSE,574462
2025-05-06,"Manhattan",TRUE,663191
2025-05-06,"Queens",FALSE,474285
2025-05-07,"Bronx",FALSE,270383
2025-05-07,"Brooklyn",FALSE,758019
2025-05-07,"Brooklyn",TRUE,24429
2025-05-07,"Manhattan",FALSE,599891
2025-05-07,"Manhattan",TRUE,692382
2025-05-07,"Queens",FALSE,489781
2025-05-08,"Bronx",FALSE,264015
2025-05-08,"Brooklyn",FALSE,761821
2025-05-08,"Brooklyn",TRUE,23357
2025-05-08,"Manhattan",FALSE,594030
2025-05-08,"Manhattan",TRUE,682333
2025-05-08,"Queens",FALSE,489093
2025-05-09,"Bronx",FALSE,239701
2025-05-09,"Brooklyn",FALSE,723558
2025-05-09,"Brooklyn",TRUE,18612
2025-05-09,"Manhattan",FALSE,564294
2025-05-09,"Manhattan",TRUE,656901
2025-05-09,"Queens",FALSE,472915
2025-05-10,"Bronx",FALSE,156925
2025-05-10,"Brooklyn",FALSE,549992
2025-05-10,"Brooklyn",TRUE,24346
2025-05-10,"Manhattan",FALSE,450078
2025-05-10,"Manhattan",TRUE,551565
2025-05-10,"Queens",FALSE,351250
2025-05-11,"Bronx",FALSE,119295
2025-05-11,"Brooklyn",FALSE,435583
2025-05-11,"Brooklyn",TRUE,20077
2025-05-11,"Manhattan",FALSE,367124
2025-05-11,"Manhattan",TRUE,473476
2025-05-11,"Queens",FALSE,272534
2025-05-12,"Bronx",FALSE,253096
2025-05-12,"Brooklyn",FALSE,713327
2025-05-12,"Brooklyn",TRUE,21520
2025-05-12,"Manhattan",FALSE,558109
2025-05-12,"Manhattan",TRUE,637151
2025-05-12,"Queens",FALSE,473268
2025-05-13,"Bronx",FALSE,261241
2025-05-13,"Brooklyn",FALSE,730124
2025-05-13,"Brooklyn",TRUE,21563
2025-05-13,"Manhattan",FALSE,572108
2025-05-13,"Manhattan",TRUE,656404
2025-05-13,"Queens",FALSE,481620
2025-05-14,"Bronx",FALSE,251046
2025-05-14,"Brooklyn",FALSE,728690
2025-05-14,"Brooklyn",TRUE,22814
2025-05-14,"Manhattan",FALSE,576665
2025-05-14,"Manhattan",TRUE,651778
2025-05-14,"Queens",FALSE,472487
2025-05-15,"Bronx",FALSE,265013
2025-05-15,"Brooklyn",FALSE,751970
2025-05-15,"Brooklyn",TRUE,26049
2025-05-15,"Manhattan",FALSE,597542
2025-05-15,"Manhattan",TRUE,666464
2025-05-15,"Queens",FALSE,489324
2025-05-16,"Bronx",FALSE,258841
2025-05-16,"Brooklyn",FALSE,758125
2025-05-16,"Brooklyn",TRUE,25475
2025-05-16,"Manhattan",FALSE,587743
2025-05-16,"Manhattan",TRUE,664699
2025-05-16,"Queens",FALSE,484871
2025-05-17,"Bronx",FALSE,157702
2025-05-17,"Brooklyn",FALSE,572790
2025-05-17,"Brooklyn",TRUE,26670
2025-05-17,"Manhattan",FALSE,454899
2025-05-17,"Manhattan",TRUE,554342
2025-05-17,"Queens",FALSE,356217
2025-05-18,"Bronx",FALSE,123323
2025-05-18,"Brooklyn",FALSE,447536
2025-05-18,"Brooklyn",TRUE,21596
2025-05-18,"Manhattan",FALSE,384321
2025-05-18,"Manhattan",TRUE,482816
2025-05-18,"Queens",FALSE,288217
2025-05-19,"Bronx",FALSE,249180
2025-05-19,"Brooklyn",FALSE,717523
2025-05-19,"Brooklyn",TRUE,22397
2025-05-19,"Manhattan",FALSE,564312
2025-05-19,"Manhattan",TRUE,642320
2025-05-19,"Queens",FALSE,470789
2025-05-20,"Bronx",FALSE,265278
2025-05-20,"Brooklyn",FALSE,751533
2025-05-20,"Brooklyn",TRUE,23677
2025-05-20,"Manhattan",FALSE,595952
2025-05-20,"Manhattan",TRUE,656167
2025-05-20,"Queens",FALSE,489459
2025-05-21,"Bronx",FALSE,257575
2025-05-21,"Brooklyn",FALSE,743909
2025-05-21,"Brooklyn",TRUE,21144
2025-05-21,"Manhattan",FALSE,581141
2025-05-21,"Manhattan",TRUE,668649
2025-05-21,"Queens",FALSE,482257
2025-05-22,"Bronx",FALSE,245647
2025-05-22,"Brooklyn",FALSE,734507
2025-05-22,"Brooklyn",TRUE,19333
2025-05-22,"Manhattan",FALSE,573032
2025-05-22,"Manhattan",TRUE,657889
2025-05-22,"Queens",FALSE,470744
2025-05-23,"Bronx",FALSE,246460
2025-05-23,"Brooklyn",FALSE,726777
2025-05-23,"Brooklyn",TRUE,21505
2025-05-23,"Manhattan",FALSE,563783
2025-05-23,"Manhattan",TRUE,661520
2025-05-23,"Queens",FALSE,481413
2025-05-24,"Bronx",FALSE,147437
2025-05-24,"Brooklyn",FALSE,489591
2025-05-24,"Brooklyn",TRUE,23516
2025-05-24,"Manhattan",FALSE,423615
2025-05-24,"Manhattan",TRUE,517672
2025-05-24,"Queens",FALSE,339846
2025-05-25,"Bronx",FALSE,120421
2025-05-25,"Brooklyn",FALSE,431556
2025-05-25,"Brooklyn",TRUE,21880
2025-05-25,"Manhattan",FALSE,374087
2025-05-25,"Manhattan",TRUE,480549
2025-05-25,"Queens",FALSE,283990
2025-05-26,"Bronx",FALSE,136206
2025-05-26,"Brooklyn",FALSE,440438
2025-05-26,"Brooklyn",TRUE,20426
2025-05-26,"Manhattan",FALSE,367919
2025-05-26,"Manhattan",TRUE,470072
2025-05-26,"Queens",FALSE,300466
2025-05-27,"Bronx",FALSE,252012
2025-05-27,"Brooklyn",FALSE,723187
2025-05-27,"Brooklyn",TRUE,22317
2025-05-27,"Manhattan",FALSE,558230
2025-05-27,"Manhattan",TRUE,644304
2025-05-27,"Queens",FALSE,476156
2025-05-28,"Bronx",FALSE,255329
2025-05-28,"Brooklyn",FALSE,734680
2025-05-28,"Brooklyn",TRUE,21002
2025-05-28,"Manhattan",FALSE,567927
2025-05-28,"Manhattan",TRUE,661337
2025-05-28,"Queens",FALSE,480277
2025-05-29,"Bronx",FALSE,255488
2025-05-29,"Brooklyn",FALSE,752180
2025-05-29,"Brooklyn",TRUE,22770
2025-05-29,"Manhattan",FALSE,581898
2025-05-29,"Manhattan",TRUE,670336
2025-05-29,"Queens",FALSE,483488
2025-05-30,"Bronx",FALSE,254134
2025-05-30,"Brooklyn",FALSE,749293
2025-05-30,"Brooklyn",TRUE,23786
2025-05-30,"Manhattan",FALSE,572648
2025-05-30,"Manhattan",TRUE,669429
2025-05-30,"Queens",FALSE,489060
2025-05-31,"Bronx",FALSE,142460
2025-05-31,"Brooklyn",FALSE,517371
2025-05-31,"Brooklyn",TRUE,20420
2025-05-31,"Manhattan",FALSE,403219
2025-05-31,"Manhattan",TRUE,524620
2025-05-31,"Queens",FALSE,343241
2025-06-01,"Bronx",FALSE,1165
2025-06-01,"Brooklyn",FALSE,7211
2025-06-01,"Brooklyn",TRUE,232
2025-06-01,"Manhattan",FALSE,5363
2025-06-01,"Manhattan",TRUE,19374
2025-06-01,"Queens",FALSE,3608
